States/UTs,District,Murder,Attempt to commit Murder,Rape,Rape_Gang Rape,Rape_Others,Kidnapping & Abduction_Total,Kidnapping & Abduction in order to Murder,Dacoity,Dacoity with Murder,Robbery,Criminal Trespass/Burglary,Theft,Unlawful Assembly,Riots,Riots_Communal,Riots_Industrial,Riots_SC/STs Vs Non-SCs/STs,Riots_Others,Cheating,Forgery,Counterfeiting,Counterfeit Offences related to Counterfeit Coin,Counterfeiting Government Stamp,Making or Possessing materials for forged currency/Bank notes,Arson,Grievous Hurt,Dowry Deaths,Assault on Women with intent to outrage her Modesty,Sexual Harassment,Voyeurism,Stalking,Importation of Girls from Foreign Country,Disclosure of Identity of Victims,Incidence of Rash Driving,HumanTrafficking,Total Cognizable IPC crimes
Andhra Pradesh,Anantapur,134,171,35,0,35,125,0,6,0,30,415,753,0,214,0,0,0,214,296,0,10,0,0,0,12,25,25,436,82,4,80,0,0,1038,0,8376
Andhra Pradesh,Chittoor,84,170,32,1,31,38,0,12,0,22,195,528,0,134,0,0,0,134,207,0,5,0,0,0,23,18,17,135,0,0,0,0,0,249,0,5374
Andhra Pradesh,Cuddapah,80,162,28,0,28,27,0,3,0,16,144,638,0,104,0,0,0,0,163,0,5,0,0,0,0,39,16,215,212,0,0,0,0,948,0,5803
Andhra Pradesh,East Godavari,64,84,85,0,85,66,0,3,0,24,346,903,0,27,0,0,0,27,214,0,22,0,0,0,50,44,7,519,159,11,55,0,0,39,0,7630
Andhra Pradesh,Guntakal Railway,14,4,0,0,0,0,0,2,0,4,0,413,0,1,0,0,0,1,5,0,5,0,0,0,0,0,0,0,0,0,0,0,0,1,0,490
Andhra Pradesh,Guntur,105,137,49,0,49,64,2,5,0,24,210,711,0,78,0,0,6,72,328,16,5,0,0,1,52,37,16,245,17,3,8,0,0,846,0,6897
Andhra Pradesh,Guntur Urban,51,65,40,1,39,84,0,5,0,31,173,1045,0,8,0,0,0,8,531,22,2,0,0,0,35,29,12,160,0,0,0,0,0,691,0,5798
Andhra Pradesh,Krishna,51,47,80,1,79,41,0,0,0,15,302,521,0,9,0,0,0,9,242,0,11,0,0,0,23,39,8,354,98,13,76,0,0,70,0,7078
Andhra Pradesh,Kurnool,118,135,32,1,31,53,0,3,0,28,244,563,0,108,4,0,9,94,639,0,4,0,0,0,33,9,12,403,81,2,40,0,0,1313,0,8398
Andhra Pradesh,Nellore,78,117,58,3,55,153,1,8,0,44,381,1058,0,84,0,0,0,74,239,32,2,0,0,0,45,31,14,295,79,8,32,0,0,1173,1,8175
Andhra Pradesh,Prakasham,75,68,50,2,48,50,0,5,0,23,247,617,31,124,0,0,0,120,261,48,1,0,0,0,28,18,8,197,24,7,13,0,0,785,0,6367
Andhra Pradesh,Rajahmundry,18,18,35,1,34,15,0,3,0,14,214,361,0,16,2,0,2,12,105,7,3,0,0,0,13,23,3,121,37,0,17,0,0,394,0,2430
Andhra Pradesh,Srikakulam,30,29,40,1,39,33,1,0,0,8,152,236,0,17,0,0,0,7,153,10,1,0,0,0,18,67,3,214,26,0,22,0,0,895,0,4727
Andhra Pradesh,Tirupathi Urban,35,72,18,1,17,24,0,2,0,8,227,1148,0,31,0,0,0,31,248,0,7,0,0,0,11,3,13,60,2,0,5,0,0,429,0,3651
Andhra Pradesh,Vijayawada City,23,45,64,0,64,42,1,3,1,48,345,2016,25,2,0,0,0,2,391,46,12,0,0,0,21,25,10,279,40,9,91,0,0,1366,1,7876
Andhra Pradesh,Vijayawada Railway,1,1,0,0,0,3,0,0,0,7,0,1085,0,0,0,0,0,0,7,0,39,0,0,0,0,0,2,8,4,1,0,0,0,0,0,1223
Andhra Pradesh,Visakha Rural,43,50,38,0,38,24,0,5,0,5,88,179,0,14,0,1,2,7,90,2,6,6,0,0,23,33,4,129,35,1,6,0,0,507,0,3028
Andhra Pradesh,Visakhapatnam,38,57,84,0,84,130,0,4,0,46,392,1358,0,3,0,0,0,0,413,3,7,0,0,0,14,64,13,147,50,0,27,0,0,1831,0,7728
Andhra Pradesh,Vizianagaram,43,23,47,1,46,27,0,2,0,4,176,388,0,13,0,0,0,13,149,0,1,0,0,0,13,41,8,225,0,0,0,0,0,913,0,5013
Andhra Pradesh,West Godavari,90,85,146,1,145,67,0,4,0,32,468,1096,3,26,4,0,0,19,410,13,14,0,0,0,36,52,24,405,126,12,32,0,0,1165,0,8542
Andhra Pradesh,Total,1175,1540,961,14,947,1066,5,75,1,433,4719,15617,59,1013,10,1,19,844,5091,199,162,6,0,1,450,597,215,4547,1072,71,504,0,0,14653,2,114604
Arunachal Pradesh,Anjaw,0,0,0,0,0,1,0,0,0,0,6,2,0,1,0,0,0,1,1,0,0,0,0,0,0,2,0,1,1,0,0,0,0,0,0,29
Arunachal Pradesh,Changlang,9,3,6,0,6,11,0,1,0,5,18,50,0,1,0,0,0,1,0,0,0,0,0,0,1,15,0,0,0,0,0,0,0,9,0,180
Arunachal Pradesh,Crime Branch,0,0,0,0,0,0,0,0,0,0,0,0,0,0,0,0,0,0,3,0,0,0,0,0,0,0,0,0,0,0,0,0,0,0,0,4
Arunachal Pradesh,Dibang Valley,0,0,1,0,1,0,0,0,0,0,0,0,0,0,0,0,0,0,0,0,0,0,0,0,0,0,0,0,0,0,0,0,0,0,0,4
Arunachal Pradesh,Kameng East,4,1,1,0,1,7,0,2,0,4,8,18,0,0,0,0,0,0,3,1,0,0,0,0,2,18,0,6,0,6,0,0,0,0,0,148
Arunachal Pradesh,Kameng West,7,1,0,0,0,3,0,1,0,3,4,21,0,8,0,0,0,0,3,0,0,0,0,0,5,8,0,9,8,0,1,0,0,15,0,140
Arunachal Pradesh,Kukung Kumey,4,1,3,0,2,2,0,0,0,0,5,5,0,1,0,0,0,0,0,0,0,0,0,0,1,10,0,1,0,0,0,0,0,2,0,49
Arunachal Pradesh,Lohit,10,4,7,0,7,25,0,1,0,8,32,39,0,3,0,0,0,3,5,0,1,0,0,0,2,16,0,13,0,0,0,0,0,0,0,280
Arunachal Pradesh,Longding,4,3,3,0,0,9,0,1,0,1,9,5,1,0,0,0,0,0,0,0,0,0,0,0,0,13,0,3,1,0,0,0,0,0,0,92
Arunachal Pradesh,Lower Dibang Valley,2,5,3,0,3,4,0,1,0,1,10,21,0,0,0,0,0,0,2,0,0,0,0,0,0,10,0,0,0,0,0,0,0,4,0,75
Arunachal Pradesh,Papum Pare City,13,5,32,2,30,52,0,0,0,11,36,154,0,6,0,0,0,2,49,7,0,0,0,0,3,42,1,26,1,0,0,0,0,29,0,661
Arunachal Pradesh,Papum Pare Rural,7,3,0,0,0,7,0,2,0,3,6,20,0,2,0,0,0,2,2,1,0,0,0,0,0,9,0,4,0,0,0,0,0,0,0,96
Arunachal Pradesh,Siang East,5,0,11,1,10,4,0,0,0,3,20,49,5,0,0,0,0,0,5,1,0,0,0,0,9,23,0,21,8,0,0,0,0,14,0,245
Arunachal Pradesh,Siang Upper,1,0,1,1,0,0,0,1,0,0,8,8,0,0,0,0,0,0,1,0,0,0,0,0,1,2,0,1,0,0,0,0,0,0,0,40
Arunachal Pradesh,Siang West,10,4,6,0,6,2,1,0,0,4,18,29,0,4,0,0,0,2,13,2,0,0,0,0,2,30,0,11,0,0,0,0,0,13,0,249
Arunachal Pradesh,Subansiri Lower,4,3,1,1,0,7,0,1,0,10,22,18,0,3,0,0,0,3,6,0,0,0,0,0,6,22,0,6,0,0,0,0,0,0,0,160
Arunachal Pradesh,Subansiri Upper,3,2,5,0,5,2,0,1,0,5,11,33,0,4,0,0,0,1,5,2,0,0,0,0,7,19,0,16,0,0,0,0,0,16,0,234
Arunachal Pradesh,Tawang,1,3,0,0,0,0,0,0,0,0,2,14,0,0,0,0,0,0,0,0,0,0,0,0,0,2,0,1,0,0,0,0,0,0,0,40
Arunachal Pradesh,Tirap,2,10,3,0,3,10,0,0,0,3,9,12,0,0,0,0,0,0,5,0,0,0,0,0,0,6,0,2,2,0,0,0,0,0,0,117
Arunachal Pradesh,Total,86,48,83,5,74,146,1,12,0,61,224,498,6,33,0,0,0,15,103,14,1,0,0,0,39,247,1,121,21,6,1,0,0,102,0,2843
Assam,Barpeta,46,68,143,0,143,379,0,9,0,5,357,448,133,306,0,0,0,306,260,8,14,0,0,0,38,424,21,556,198,0,0,0,0,309,0,9056
Assam,Baska,31,28,26,0,26,41,0,5,0,16,42,124,0,0,0,0,0,0,26,0,0,0,0,0,29,115,4,27,0,0,0,0,0,31,0,853
Assam,Bongaigaon,17,23,31,0,31,51,0,3,0,12,84,190,0,15,0,0,0,15,55,0,1,0,0,0,11,98,4,8,0,0,0,0,0,85,0,1789
Assam,Cachar,58,7,81,0,81,249,0,9,0,24,274,756,0,202,0,0,0,202,97,0,4,0,0,0,55,45,14,50,0,0,0,0,0,404,0,5640
Assam,Chirang,37,19,29,1,28,58,0,3,0,6,39,95,0,19,0,0,0,19,33,1,0,0,0,0,17,85,7,33,0,0,0,0,0,0,0,863
Assam,Darrang,33,2,111,3,108,208,0,6,1,17,174,363,0,82,0,0,0,82,211,3,0,0,0,0,38,447,11,453,33,0,0,0,0,236,2,3901
Assam,Dhemaji,18,5,45,5,40,84,0,3,0,15,26,106,0,0,0,0,0,0,52,0,1,0,0,0,5,136,3,51,3,0,0,0,0,25,5,1068
Assam,Dhubri,58,143,193,0,193,420,0,23,0,21,280,432,265,531,0,0,0,531,272,0,3,0,0,0,82,1708,10,193,0,0,0,0,0,0,0,7153
Assam,Dibrugarh,77,7,67,0,67,163,0,6,0,43,150,826,2,12,0,0,0,12,40,2,2,0,0,0,23,330,5,105,0,0,0,0,0,0,0,3108
Assam,G. R. P.,9,0,1,0,1,10,0,3,0,2,2,187,0,5,0,0,0,5,2,0,0,0,0,0,0,0,0,0,0,0,0,0,0,0,0,319
Assam,Goalpara,44,62,108,0,108,218,0,21,0,23,243,266,0,52,0,0,0,52,137,0,0,0,0,0,28,360,8,121,0,0,0,0,0,0,2,2623
Assam,Golaghat,88,68,74,0,74,238,0,11,0,41,87,365,34,29,0,0,0,29,37,7,1,0,0,0,32,448,7,74,0,0,0,0,0,0,4,2932
Assam,Guwahati City,84,94,100,1,99,455,2,20,0,247,924,3095,18,155,0,0,0,155,449,31,8,0,0,0,50,179,11,143,50,0,0,0,0,447,0,12216
Assam,Hailakandi,24,1,77,0,77,104,0,3,0,3,93,178,0,287,0,0,0,287,44,0,0,0,0,0,9,13,4,23,0,0,0,0,0,0,0,1940
Assam,Jorhat,30,3,36,0,36,94,0,8,0,76,145,518,0,7,0,0,0,7,169,0,0,0,0,0,22,259,6,157,0,0,0,0,0,325,0,3732
Assam,Kamrup,65,128,77,0,77,164,1,14,0,63,274,727,1,0,0,0,0,0,101,10,3,0,1,0,12,45,1,15,0,0,0,0,0,304,4,2785
Assam,Karbi Anglong,38,25,23,1,22,78,2,3,0,10,2,181,6,6,0,0,0,6,29,2,2,0,0,0,0,95,0,26,0,0,0,0,0,16,11,960
Assam,Karimganj,33,42,75,2,73,119,0,14,0,8,220,199,237,57,0,0,0,57,82,15,2,0,0,0,29,209,13,10,0,0,0,0,0,123,0,2827
Assam,Kokrajhar,60,21,45,0,45,106,0,5,0,7,46,229,0,10,0,0,0,10,35,0,4,0,0,0,35,80,3,47,0,0,0,1,0,0,0,1419
Assam,Lakhimpur,40,0,67,0,67,150,0,1,0,7,137,236,0,37,0,0,0,37,115,0,0,0,0,0,6,35,4,55,0,0,0,0,0,68,0,2872
Assam,Morigaon,28,77,81,0,81,174,0,8,0,12,93,234,88,130,0,0,0,130,127,0,2,0,0,0,17,222,7,328,0,0,0,0,0,118,16,2557
Assam,N. C. Hills,76,8,6,0,6,30,0,0,0,5,17,46,0,4,0,0,0,4,4,0,0,0,0,0,2,19,0,0,0,0,0,0,0,0,0,299
Assam,Nagaon,104,102,187,10,177,454,0,55,0,127,455,735,14,485,0,0,0,483,175,14,0,0,0,0,98,909,22,350,174,0,0,0,0,331,6,8399
Assam,Nalbari,27,18,41,0,41,116,0,18,0,114,145,225,0,23,0,0,0,23,43,0,1,0,0,0,8,32,0,0,0,0,0,0,0,0,0,2122
Assam,Sibsagar,80,38,44,0,44,222,0,3,0,42,196,599,19,31,0,0,0,31,95,0,8,0,0,0,29,811,6,153,0,0,0,0,0,0,0,4236
Assam,Sonitpur,110,81,112,0,112,222,0,4,0,27,282,566,0,90,0,0,0,90,146,3,2,0,0,0,31,227,5,20,0,0,0,0,0,229,13,3906
Assam,Tinsukia,90,44,66,0,66,143,0,6,0,45,106,679,17,47,0,0,0,47,96,3,1,0,0,0,16,109,3,66,0,0,0,0,0,151,4,3309
Assam,Udalguri,46,28,34,0,34,73,1,3,0,20,61,132,0,18,0,0,0,18,24,0,3,0,0,0,21,143,9,35,0,0,0,0,0,0,1,1453
Assam,Total,1451,1142,1980,23,1957,4823,6,267,1,1038,4954,12737,834,2640,0,0,0,2638,2956,99,62,0,1,0,743,7583,188,3099,458,0,0,1,0,3202,68,94337
Bihar,Araria,53,176,35,0,35,85,0,16,0,28,49,310,6,306,0,0,0,306,108,18,0,0,0,0,11,26,17,1,0,0,0,0,0,52,0,3898
Bihar,Arwal,25,29,6,0,6,26,1,5,0,8,51,78,3,82,1,0,0,81,42,12,0,0,0,0,3,25,11,4,1,0,0,0,0,45,3,991
Bihar,Aurangabad,74,40,12,1,11,86,6,33,1,27,104,352,8,250,2,0,0,248,122,28,3,0,0,0,12,199,28,29,25,0,1,0,0,247,4,3079
Bihar,Bagaha,21,0,14,1,13,76,0,2,0,8,26,147,0,123,0,0,0,123,33,0,1,0,0,0,2,8,7,38,25,0,1,0,0,18,0,1860
Bihar,Banka,59,143,22,0,22,73,9,11,0,19,41,143,0,195,0,0,0,100,10,0,0,0,0,0,17,327,23,3,0,0,0,0,0,87,0,2505
Bihar,Begusarai,121,199,30,5,25,209,23,26,1,60,145,598,9,461,0,0,0,461,89,38,2,2,0,0,24,79,28,37,2,0,3,0,0,258,0,5196
Bihar,Bettiah,75,9,33,0,33,115,12,7,0,11,121,497,0,508,0,0,0,508,155,0,5,0,0,0,19,10,39,0,0,0,0,0,0,68,0,4712
Bihar,Bhabhua,56,105,12,0,12,86,0,8,0,21,79,344,0,97,0,0,0,97,49,0,0,0,0,0,13,5,12,0,0,0,0,0,0,98,0,2267
Bihar,Bhagalpur,102,66,52,2,50,213,11,13,0,42,225,677,0,348,5,0,0,343,87,109,1,1,0,0,10,2,20,31,16,0,2,0,0,140,1,4763
Bihar,Bhojpur,116,243,32,5,27,151,7,12,0,23,224,520,10,205,1,0,0,98,426,130,0,0,0,0,41,611,46,7,2,0,0,0,0,126,0,5488
Bihar,Buxar,56,12,16,0,16,87,0,6,0,32,100,438,0,358,0,0,0,353,36,0,0,0,0,0,10,260,24,13,13,0,0,0,0,91,0,3284
Bihar,Darbhanga,71,179,50,0,50,289,0,12,0,36,145,585,0,621,6,0,0,615,120,0,0,0,0,0,28,373,30,8,8,0,0,0,0,140,0,5368
Bihar,Gaya,145,53,48,0,48,248,72,50,0,77,209,1366,0,543,7,0,0,536,73,27,0,0,0,0,5,907,63,0,0,0,0,0,0,419,3,7232
Bihar,Gopalganj,87,469,14,5,9,172,0,10,0,36,79,276,0,398,26,0,0,372,153,26,0,0,0,0,18,299,33,0,0,0,0,0,0,0,0,3879
Bihar,Jamalpur Railway,9,1,0,0,0,4,0,3,0,3,2,195,0,1,0,0,0,1,2,0,0,0,0,0,0,0,0,3,3,0,0,0,0,0,0,298
Bihar,Jamui,61,187,23,1,22,70,10,8,1,33,54,124,0,133,0,0,0,133,23,23,0,0,0,0,3,79,21,10,0,0,0,0,0,77,0,1699
Bihar,Jehanabad,38,13,10,1,9,84,4,8,0,30,40,215,0,202,0,0,0,202,36,0,0,0,0,0,11,723,22,0,0,0,0,0,0,71,0,1968
Bihar,Katihar,70,60,65,0,65,144,1,16,0,33,84,447,0,238,0,0,0,238,71,13,0,0,0,0,4,169,14,0,0,0,0,0,0,108,2,3415
Bihar,Katihar Railway,10,9,0,0,0,3,1,1,0,8,4,182,0,4,0,0,0,4,4,0,0,0,0,0,1,4,0,11,3,0,0,0,0,0,3,313
Bihar,Khagaria,52,94,14,0,14,118,13,10,1,19,31,165,0,172,0,0,0,172,72,7,0,0,0,0,19,136,17,2,2,0,0,0,0,83,0,2589
Bihar,Kishanganj,46,6,64,0,64,122,7,7,0,12,52,261,0,171,3,0,0,168,75,3,0,0,0,0,13,298,12,22,1,0,0,0,0,59,5,1982
Bihar,Lakhisarai,46,97,10,1,9,66,1,6,0,20,21,181,11,193,2,0,0,143,39,14,0,0,0,0,10,60,8,63,43,0,0,0,0,75,14,1728
Bihar,Madhepura,44,123,10,0,10,78,13,3,0,37,43,185,21,225,0,0,0,225,37,71,0,0,0,0,10,35,8,8,8,0,0,0,0,76,0,2426
Bihar,Madhubani,74,335,41,0,41,199,8,23,2,33,124,410,0,406,0,0,0,406,35,40,0,0,0,0,4,323,34,9,9,0,0,0,0,127,3,5113
Bihar,Motihari,146,106,31,0,31,262,0,22,0,25,240,660,0,944,0,0,0,944,130,0,4,0,0,0,25,800,75,0,0,0,0,0,0,0,0,9490
Bihar,Munger,46,21,11,0,11,52,3,4,0,28,51,199,0,195,0,0,0,195,62,20,0,0,0,0,16,7,8,5,3,0,0,0,0,63,0,1778
Bihar,Muzaffarpur,185,85,44,0,44,444,227,28,0,134,281,2097,0,659,0,0,0,659,330,0,285,285,0,0,24,2943,178,166,83,0,0,5,0,0,0,9373
Bihar,Muzaffarpur Railway,18,0,2,0,2,9,0,4,0,1,4,316,0,7,0,0,0,7,0,14,0,0,0,0,0,6,2,1,0,0,0,0,0,2,0,596
Bihar,Nalanda,107,52,29,1,28,207,1,9,0,58,95,464,0,328,0,0,0,325,157,5,0,0,0,0,15,630,59,4,0,4,0,0,0,371,0,6871
Bihar,Naugachia,37,4,10,0,10,54,12,4,0,16,17,76,0,84,0,0,0,84,25,0,0,0,0,0,3,10,10,3,3,0,0,0,0,44,0,1732
Bihar,Nawadah,84,23,22,0,22,94,18,7,1,61,61,269,0,338,1,0,0,337,48,31,0,0,0,0,6,269,22,10,10,0,0,0,0,108,0,3408
Bihar,Patna,317,26,86,1,85,752,13,45,0,177,661,3952,0,636,0,0,0,636,1193,0,5,5,0,0,2,4572,83,0,0,0,0,0,0,0,0,19804
Bihar,Patna Railway,23,16,1,0,1,8,1,4,1,10,1,803,0,5,0,0,0,5,14,0,1,0,0,0,0,1,5,13,0,0,0,0,0,0,0,1216
Bihar,Purnea,75,2,66,0,66,174,3,9,0,37,80,449,292,321,0,0,0,321,222,47,0,0,0,0,2,235,26,30,0,0,0,0,0,78,2,5723
Bihar,Rohtas,115,5,22,0,22,161,10,11,0,31,185,726,0,294,5,0,0,289,137,17,0,0,0,0,11,1468,54,0,0,0,0,0,0,139,0,5197
Bihar,Saharsa,41,118,14,0,14,115,1,1,0,27,46,289,0,549,0,0,0,549,148,0,1,0,0,0,5,36,19,0,0,0,0,0,0,58,0,3189
Bihar,Samastipur,122,205,38,0,38,255,1,18,0,61,119,567,0,380,0,0,0,380,124,6,0,0,0,0,15,285,39,0,0,0,0,0,0,0,0,5664
Bihar,Saran,144,331,37,0,37,249,86,16,4,53,196,617,0,442,0,0,0,442,211,0,1,1,0,0,36,424,83,0,0,0,0,0,0,0,0,5586
Bihar,Sheikhpura,26,0,5,0,5,51,0,4,0,11,36,113,0,136,0,0,0,136,93,0,0,0,0,0,12,72,6,18,1,0,0,0,0,0,0,1325
Bihar,Sheohar,13,35,8,0,8,33,3,5,0,9,22,89,0,62,0,0,0,62,22,3,0,0,0,0,1,9,6,16,10,0,0,0,0,12,0,778
Bihar,Sitamarhi,91,335,11,0,11,220,11,20,0,63,165,579,0,345,0,0,0,345,16,68,0,0,0,0,37,101,29,0,0,0,0,0,0,88,4,5453
Bihar,Siwan,103,222,17,0,17,198,43,12,0,57,127,549,0,425,0,0,0,425,100,185,0,0,0,0,3,378,64,7,0,0,0,0,0,0,0,5003
Bihar,Supaul,64,87,32,0,32,132,0,6,0,23,49,274,0,573,0,0,0,573,72,12,0,0,0,0,11,37,22,0,0,0,0,0,0,57,0,3008
Bihar,Vaishali,135,58,28,0,28,296,0,13,0,62,185,1104,0,603,0,0,0,603,176,0,0,0,0,0,5,110,66,0,0,0,0,0,0,0,0,6337
Bihar,Economic Offences Unit,0,0,0,0,0,0,0,0,0,0,0,0,0,0,0,0,0,0,10,0,1,0,0,0,0,0,0,0,0,0,0,0,0,0,0,11
Bihar,Anti Terrorist Squad,0,0,0,0,0,0,0,0,0,0,0,0,0,0,0,0,0,0,0,0,0,0,0,0,0,0,0,0,0,0,0,0,0,0,0,0
Bihar,Total,3403,4379,1127,24,1103,6570,632,538,12,1600,4674,22888,360,13566,59,0,0,13250,5187,967,310,294,0,0,517,17351,1373,572,271,4,7,5,0,3485,44,177595
Chhattisgarh,Balod,17,12,34,2,32,27,0,0,0,4,77,110,0,24,0,0,0,22,23,0,0,0,0,0,13,13,4,62,16,0,9,0,0,0,1,1479
Chhattisgarh,Balodbazar,33,16,40,5,35,119,0,1,0,19,186,235,0,57,0,2,0,0,9,0,0,0,0,0,19,845,8,95,84,0,0,0,0,417,0,2578
Chhattisgarh,Balrampur,55,21,111,6,105,21,0,0,0,6,51,54,25,11,0,0,7,0,10,8,0,0,0,0,7,84,5,62,0,0,0,0,0,216,5,1333
Chhattisgarh,Bemetra,21,8,41,2,39,30,0,0,0,7,104,119,0,25,0,0,0,0,17,0,0,0,0,0,4,18,3,56,0,0,0,0,0,0,0,1645
Chhattisgarh,Bilaspur,72,34,94,4,90,216,1,0,0,49,378,488,0,87,0,0,0,80,58,7,1,0,0,0,31,112,13,211,49,3,15,0,0,178,0,4870
Chhattisgarh,Bizapur,38,77,6,0,6,12,3,3,2,0,18,8,0,0,0,0,0,0,5,0,0,0,0,0,4,9,0,2,1,0,1,0,0,69,0,343
Chhattisgarh,Dantewara,22,18,11,1,10,11,0,2,1,1,28,25,0,9,0,0,0,9,7,0,0,0,0,0,7,13,0,9,3,0,1,0,0,102,3,442
Chhattisgarh,Dhamtari,20,10,36,0,36,24,0,0,0,4,62,89,0,6,0,0,0,6,16,0,1,0,0,0,4,27,3,49,4,0,3,0,0,68,0,1300
Chhattisgarh,Durg,50,41,84,0,84,243,0,4,0,56,370,813,0,44,0,0,0,44,111,1,7,0,0,0,41,74,12,254,0,0,0,0,0,1060,3,6677
Chhattisgarh,Gariyaband,15,13,42,1,41,15,0,2,0,4,41,45,0,12,0,0,0,12,8,3,0,0,0,0,2,17,3,31,12,0,4,0,0,225,0,948
Chhattisgarh,G. R. P. Raipur,2,0,0,0,0,5,0,0,0,9,5,290,0,2,0,0,0,2,1,0,0,0,0,0,0,6,1,8,7,0,0,0,0,1,1,400
Chhattisgarh,Jagdalpur,45,29,32,0,32,40,0,9,0,5,81,101,0,16,0,0,0,16,13,0,0,0,0,0,7,552,1,42,42,0,0,0,0,0,0,1580
Chhattisgarh,Janjgir,48,27,64,4,60,144,2,2,0,20,203,243,0,102,0,1,6,95,45,0,0,0,0,0,17,82,20,141,54,0,2,0,0,506,2,3401
Chhattisgarh,Jashpur,55,17,86,8,78,71,0,3,0,16,63,75,0,9,0,0,0,9,19,0,0,0,0,0,5,57,0,48,48,0,0,0,0,272,18,1225
Chhattisgarh,Kabirdham,25,5,39,0,39,84,1,0,0,4,67,93,0,14,0,0,0,14,25,0,0,0,0,0,5,10,6,84,0,0,2,0,0,330,0,1573
Chhattisgarh,Kanker,47,42,40,0,40,47,0,1,0,5,67,97,0,22,0,0,0,0,18,0,0,0,0,0,9,19,5,37,0,0,0,0,0,46,0,1253
Chhattisgarh,Kondagaon,33,19,21,0,21,20,0,2,0,2,37,33,0,17,0,0,0,15,5,0,0,0,0,0,7,187,1,16,2,0,0,0,0,230,0,782
Chhattisgarh,Korba,37,12,68,10,58,53,0,4,0,22,161,240,0,33,0,0,0,0,35,33,1,0,0,0,11,46,6,83,5,0,5,0,0,528,3,2572
Chhattisgarh,Koriya,40,26,58,3,55,85,0,0,0,7,80,91,0,28,0,0,0,28,22,0,0,0,0,0,5,708,2,74,74,0,0,0,0,0,0,1707
Chhattisgarh,Mahasamund,22,16,44,0,44,87,0,1,0,9,163,223,0,39,0,0,0,36,37,2,3,0,0,0,2,36,10,99,1,0,0,0,0,393,0,2469
Chhattisgarh,Mungali,21,9,10,1,9,36,0,0,0,5,76,84,0,32,0,0,0,32,11,0,0,0,0,0,6,0,6,38,0,0,0,0,0,0,0,938
Chhattisgarh,Narayanpur,5,31,7,0,7,9,2,3,0,1,8,8,0,0,0,0,0,0,2,0,0,0,0,0,2,4,0,6,0,0,0,0,0,65,7,222
Chhattisgarh,Raigarh,74,34,121,3,118,96,0,5,0,21,150,331,0,81,0,0,0,81,37,0,3,0,0,0,15,820,7,140,140,0,0,0,0,0,0,3074
Chhattisgarh,Raipur,49,95,141,4,137,265,1,4,0,76,532,1557,0,82,0,0,0,77,273,0,3,0,0,0,31,107,3,224,48,2,16,0,0,1674,0,8306
Chhattisgarh,Rajnandgaon,33,29,57,4,53,113,0,2,0,20,143,264,0,34,0,0,0,32,72,0,2,0,0,0,12,15,4,100,27,1,10,0,0,721,0,3255
Chhattisgarh,Sarguja,61,13,94,4,90,51,1,0,0,16,82,124,31,0,0,0,0,0,26,0,0,0,0,0,12,61,4,76,15,2,1,0,0,338,0,1835
Chhattisgarh,Sukma,20,43,5,0,5,9,1,7,3,5,9,10,9,0,0,0,0,0,0,0,0,0,0,0,4,3,0,5,5,0,0,0,0,0,0,240
Chhattisgarh,Surajpur,38,19,50,2,48,81,1,3,0,12,5,248,0,23,0,0,0,23,25,5,0,0,0,0,15,36,1,70,12,1,3,0,0,320,0,1753
Chhattisgarh,Total,998,716,1436,64,1372,2014,13,58,6,405,3247,6098,65,809,0,3,13,633,930,59,21,0,0,0,297,3961,128,2122,649,9,72,0,0,7759,43,58200
Goa,North Goa,20,25,55,0,55,93,0,8,0,13,231,733,23,95,0,0,0,95,152,5,8,0,0,0,30,82,0,146,38,6,16,0,0,398,1,2805
Goa,South Goa,14,17,37,2,35,59,0,5,0,19,141,368,9,38,0,0,0,38,86,4,2,0,0,0,11,32,0,53,10,5,8,0,0,209,0,1549
Goa,C. I. D.,0,0,3,0,3,0,0,0,0,0,0,53,0,0,0,0,0,0,22,0,5,0,0,0,0,0,0,3,2,0,1,0,0,0,13,112
Goa,Total,34,42,95,2,93,152,0,13,0,32,372,1154,32,133,0,0,0,133,260,9,15,0,0,0,41,114,0,202,50,11,25,0,0,607,14,4466
Gujarat,Ahmedabad City,82,61,100,0,100,367,0,18,0,261,500,2589,18,87,18,2,1,59,214,5,11,0,0,0,4,245,11,162,68,2,12,0,0,1756,2,15286
Gujarat,Ahmedabad Rural,27,48,18,0,18,84,0,9,0,17,57,221,13,40,0,0,1,39,17,1,1,0,0,0,9,65,0,31,4,0,0,0,0,484,1,4266
Gujarat,Amreli,26,25,7,0,7,72,0,0,0,17,78,93,8,23,0,0,0,21,9,2,2,0,0,0,0,61,0,21,0,0,0,0,0,305,0,1818
Gujarat,Anand,37,21,12,1,11,73,0,7,0,31,114,354,6,37,4,0,2,21,55,2,1,0,0,0,8,72,0,21,2,0,0,0,0,616,0,3415
Gujarat,Arvalli,28,10,5,0,5,37,0,4,0,5,67,85,2,6,0,0,2,4,3,0,1,0,0,0,2,19,0,19,19,0,0,0,0,2145,0,3841
Gujarat,Banaskantha,51,42,56,0,56,112,0,18,0,79,214,389,13,71,0,0,0,67,70,1,4,0,0,0,17,523,0,90,5,0,0,0,0,459,0,4464
Gujarat,Bharuch,47,27,42,1,41,64,0,10,0,29,142,406,6,53,0,0,0,53,3,0,4,0,0,0,3,89,0,49,15,1,8,0,0,438,0,2981
Gujarat,Bhavnagar,39,33,17,0,17,105,0,13,0,39,153,361,10,54,0,0,0,53,30,9,0,0,0,0,9,148,0,39,10,0,0,0,0,525,0,3589
Gujarat,Botad,13,10,11,0,11,27,0,2,0,4,25,57,2,9,0,0,0,9,3,3,1,0,0,0,2,44,0,11,0,0,0,0,0,110,0,783
Gujarat,Chhotaudepur,22,10,15,0,15,40,0,4,0,6,31,110,6,7,0,0,0,0,7,1,3,2,0,0,5,51,0,11,0,0,0,0,0,186,0,1144
Gujarat,C. I. D. Crime,2,0,0,0,0,0,0,0,0,0,0,0,0,0,0,0,0,0,6,0,0,0,0,0,0,0,0,0,0,0,0,0,0,0,0,8
Gujarat,Dahod,45,21,27,0,27,96,0,21,0,37,115,218,16,32,0,0,2,30,12,0,0,0,0,0,9,119,0,28,0,0,0,0,0,387,0,2594
Gujarat,Dang,10,2,4,0,4,4,0,0,0,0,8,12,0,4,0,0,0,4,5,1,1,0,0,0,0,12,1,6,0,0,0,0,0,0,0,283
Gujarat,Devbhumi Dwarka,9,11,3,0,3,18,0,1,0,6,38,47,3,24,0,0,4,20,10,4,1,0,0,0,0,32,0,14,0,0,0,0,0,199,0,1106
Gujarat,Gandhinagar,20,9,17,0,17,79,0,2,0,61,90,367,6,48,0,0,0,48,89,15,7,0,0,0,6,60,0,22,4,0,3,0,0,3327,0,7451
Gujarat,Gir Somnath,17,8,17,0,17,32,0,5,0,20,52,80,9,29,0,0,0,28,21,3,0,0,0,0,5,34,1,30,4,0,0,0,0,226,0,1405
Gujarat,Jamnagar,23,36,34,1,33,60,0,16,0,17,119,282,1,47,0,0,3,40,13,21,2,0,0,0,6,110,1,26,0,0,0,0,0,674,0,3752
Gujarat,Junagadh,13,15,21,0,21,70,0,5,0,25,81,150,5,40,0,0,1,30,14,0,8,0,0,0,15,29,0,42,0,0,1,0,0,481,0,2497
Gujarat,Kachchh East(G),35,27,31,1,30,66,0,3,0,23,137,345,4,46,0,0,0,46,33,8,0,0,0,0,2,70,0,34,9,1,0,0,0,733,0,3349
Gujarat,Kachchh West(B),16,13,18,0,18,35,0,2,0,15,106,237,5,58,0,0,5,53,65,16,4,0,0,0,4,53,0,27,26,0,0,0,0,415,0,2269
Gujarat,Kheda,22,21,12,1,11,80,0,9,0,5,56,173,6,34,3,0,1,22,25,15,0,0,0,0,3,115,0,29,2,0,2,0,0,747,0,3614
Gujarat,Mahisagar,18,8,10,0,10,25,0,3,0,4,53,32,3,11,1,0,0,10,4,1,1,0,0,0,5,26,0,15,7,0,1,0,0,128,0,1040
Gujarat,Mehsana,24,11,6,0,6,108,0,16,0,66,183,544,11,81,3,0,0,59,43,3,8,3,0,0,10,56,0,42,4,0,0,0,0,1215,0,6587
Gujarat,Morbi,31,15,9,0,9,29,0,6,0,6,41,177,5,19,0,0,0,19,2,0,1,0,0,0,4,36,3,17,0,0,0,0,0,981,0,2332
Gujarat,Narmada,12,2,8,0,8,15,0,0,0,0,15,40,1,10,0,0,0,10,2,0,1,0,0,0,1,41,0,21,21,0,0,0,0,139,0,664
Gujarat,Navsari,19,11,15,0,15,37,0,7,0,9,136,227,4,19,0,0,0,18,21,5,1,0,0,0,2,44,0,19,11,0,0,0,0,311,0,1730
Gujarat,Panchmahal,34,8,24,0,24,69,0,6,0,8,93,160,2,23,0,0,0,1,8,8,2,0,0,0,10,76,0,28,20,1,1,0,0,958,0,2634
Gujarat,Patan,17,15,25,0,25,53,1,14,0,25,85,261,3,28,1,1,1,11,34,8,4,0,0,0,4,81,1,51,0,0,0,0,0,279,0,2117
Gujarat,Porbandar,8,8,8,0,8,20,0,1,0,11,29,57,6,19,0,0,0,19,14,5,0,0,0,0,2,20,1,18,3,0,0,0,0,124,0,913
Gujarat,Rajkot City,43,43,17,1,16,99,0,7,0,91,176,835,14,61,0,0,0,61,18,3,3,0,0,0,11,92,0,31,5,0,0,0,0,626,0,3516
Gujarat,Rajkot Rural,24,19,30,0,30,69,0,7,0,24,104,211,5,44,0,0,0,38,14,4,2,0,0,0,12,49,1,36,12,0,1,0,0,836,0,2891
Gujarat,Sabarkantha,22,10,10,2,8,37,0,4,0,20,64,197,2,26,7,0,2,17,36,18,3,0,0,0,2,34,0,33,33,0,0,0,0,3119,0,5647
Gujarat,Surat City,85,41,94,4,90,263,0,14,0,30,257,1315,5,40,1,0,0,30,329,18,7,0,0,0,4,355,2,70,45,0,1,0,0,656,0,4397
Gujarat,Surat Rural,52,8,21,1,20,45,0,13,0,32,151,477,10,26,0,0,1,15,53,6,2,0,0,0,5,51,0,34,1,0,0,0,0,1042,0,3810
Gujarat,Surendranagar,34,48,22,2,20,44,0,8,0,15,88,232,7,55,0,0,0,47,11,3,1,0,0,0,13,133,0,36,7,0,0,0,0,472,0,2476
Gujarat,Tapi,13,2,15,0,15,13,0,2,0,3,34,112,2,12,0,0,0,12,5,11,1,0,0,0,3,23,0,9,0,0,0,0,0,170,0,986
Gujarat,Vadodara City,23,37,23,0,23,93,0,10,0,117,502,1242,17,60,19,0,0,41,195,9,4,0,0,0,8,106,1,109,46,1,21,0,0,2946,0,12651
Gujarat,Vadodara Rural,24,6,11,0,11,66,0,7,0,7,57,158,3,28,0,0,5,20,26,5,0,0,0,0,4,70,0,36,17,0,1,0,0,817,0,2896
Gujarat,Valsad,43,13,26,1,25,111,0,18,0,29,221,567,4,43,0,0,0,43,48,32,4,0,0,0,7,106,0,27,4,0,10,0,0,641,0,3072
Gujarat,W.Rly  Ahmedabad,9,1,0,0,0,2,0,0,0,11,1,357,0,0,0,0,0,0,7,0,0,0,0,0,1,11,0,6,1,1,0,0,0,3,0,454
Gujarat,W.Rly Vadodara,5,0,0,0,0,3,0,4,0,4,4,560,0,0,0,0,0,0,0,0,0,0,0,0,0,2,0,2,0,0,0,0,0,1,0,657
Gujarat,Total,1124,756,841,16,825,2722,1,296,0,1209,4477,14337,243,1354,57,3,31,1118,1574,246,96,5,0,0,217,3363,23,1352,405,7,62,0,0,29677,3,131385
Haryana,Ambala (Rural),15,13,25,5,20,59,3,2,0,4,96,194,0,0,0,0,0,0,38,15,1,0,0,0,1,62,9,17,15,0,0,0,0,147,0,1098
Haryana,Ambala (Urban),25,18,31,1,30,159,0,0,0,16,321,430,0,6,0,0,0,6,52,22,0,0,0,0,4,95,8,23,6,0,7,0,0,195,0,1977
Haryana,Bhiwani,62,47,44,10,34,102,0,7,0,54,400,822,0,219,0,0,0,219,87,66,0,0,0,0,26,52,12,99,24,1,17,0,0,400,1,4604
Haryana,Faridabad,64,41,101,13,88,384,0,7,0,40,412,2079,0,207,207,0,0,0,50,107,4,0,0,0,7,111,20,94,35,1,17,0,0,0,0,6000
Haryana,Fatehabad,20,15,27,7,20,39,2,4,0,16,218,300,0,92,0,0,0,92,64,1,2,0,0,0,9,18,7,56,20,0,10,0,0,190,1,2431
Haryana,G. R. P.,26,6,1,0,1,4,0,1,0,31,2,375,0,4,0,0,0,4,8,0,0,0,0,0,0,9,8,17,3,1,5,0,0,60,0,1139
Haryana,Gurgaon,96,54,117,16,101,348,7,28,2,119,725,4815,0,172,0,0,0,172,439,1,2,0,0,0,8,88,19,155,50,5,35,0,0,776,4,11444
Haryana,Hissar,66,49,55,11,44,73,0,12,1,39,558,1191,0,164,0,0,0,164,155,3,1,0,0,0,20,82,14,91,52,1,18,0,0,387,0,5608
Haryana,Jhajjar,69,60,56,6,50,24,0,3,0,28,161,427,0,32,0,0,0,0,63,0,1,0,0,0,5,57,25,47,16,1,1,0,0,240,0,2100
Haryana,Jind,49,29,23,6,17,82,2,6,0,37,246,533,0,150,0,0,0,150,26,0,1,0,0,0,19,27,12,67,24,0,5,0,0,189,0,2892
Haryana,Kaithal,47,19,33,8,25,133,0,2,0,11,170,352,0,0,0,0,0,0,15,10,0,0,0,0,4,83,10,58,25,1,6,0,0,226,0,1922
Haryana,Karnal,53,33,100,19,81,379,1,6,0,24,367,976,0,21,0,0,0,21,172,69,0,0,0,0,10,260,17,95,11,0,24,0,0,301,0,4047
Haryana,Kurukshetra,30,15,35,2,33,61,4,4,0,21,261,631,0,0,0,0,0,0,113,46,0,0,0,0,2,145,6,59,11,1,10,0,0,256,0,2581
Haryana,Mahendergarh,38,9,24,1,23,72,0,8,0,26,199,445,0,93,0,0,0,93,44,34,0,0,0,0,9,78,15,78,20,1,7,0,0,321,0,2262
Haryana,Mewat,33,68,85,40,45,75,0,13,0,27,79,452,0,224,0,0,0,224,36,25,0,0,0,0,5,53,5,86,26,2,3,0,0,243,0,2414
Haryana,Palwal,52,64,49,14,35,97,0,9,0,53,168,844,0,243,0,0,0,243,55,34,1,0,0,0,6,82,16,96,45,2,7,0,0,270,0,3247
Haryana,Panchkula,14,10,36,1,35,146,0,7,0,73,233,357,0,0,0,0,0,0,70,24,0,0,0,0,6,8,5,30,9,1,9,0,0,126,0,1594
Haryana,Panipat,53,33,64,16,48,100,0,11,0,49,416,1207,0,110,0,0,0,110,73,61,1,0,0,0,11,33,18,97,37,0,22,0,0,326,0,4654
Haryana,Rewari,27,28,41,5,36,114,0,10,0,53,224,670,0,64,0,0,0,64,89,11,0,0,0,0,10,121,11,65,41,5,9,0,0,424,0,2781
Haryana,Rohtak,76,60,68,13,55,85,0,9,0,43,342,984,0,110,0,0,1,109,29,70,2,0,0,0,9,73,16,98,31,0,27,0,1,231,1,3820
Haryana,Sirsa,36,28,49,9,40,77,1,8,0,25,376,543,0,19,0,0,1,18,57,42,1,0,0,0,10,24,5,86,52,2,15,0,0,187,1,3482
Haryana,Sonipat,110,66,60,14,46,83,0,9,0,54,364,940,0,10,0,0,0,10,120,1,0,0,0,0,16,49,28,98,23,0,13,0,0,465,0,4311
Haryana,Yamunanagar,45,18,50,13,37,386,3,6,0,31,379,747,0,4,0,0,0,4,90,25,2,0,0,0,6,61,7,76,23,1,17,0,0,242,1,3347
Haryana,Irrigation & Power,0,0,0,0,0,0,0,0,0,0,0,0,0,0,0,0,0,0,0,0,0,0,0,0,0,0,0,0,0,0,0,0,0,0,0,192
Haryana,Total,1106,783,1174,230,944,3082,23,172,3,874,6717,20314,0,1944,207,0,2,1703,1945,667,19,0,0,0,203,1671,293,1688,599,26,284,0,1,6202,9,79947
Himachal Pradesh,Baddi,13,3,9,0,9,14,1,0,0,3,32,41,0,42,0,0,0,42,21,2,0,0,0,0,2,17,0,15,3,1,1,0,0,153,1,651
Himachal Pradesh,Bilaspur,4,9,15,0,15,46,0,0,0,0,45,39,0,36,0,0,0,36,20,0,0,0,0,0,10,54,0,72,16,0,2,0,0,186,0,1185
Himachal Pradesh,Chamba,8,5,23,0,23,20,0,0,0,1,98,31,0,38,0,0,0,37,14,4,1,0,0,0,10,59,0,27,6,1,5,0,0,87,0,761
Himachal Pradesh,C. I. D.,0,0,1,0,1,0,0,0,0,0,0,0,0,0,0,0,0,0,2,0,0,0,0,0,0,0,0,0,0,0,0,0,0,0,0,4
Himachal Pradesh,G. R. P.,1,0,0,0,0,0,0,0,0,0,0,1,0,0,0,0,0,0,0,0,0,0,0,0,0,0,0,0,0,0,0,0,0,0,0,9
Himachal Pradesh,Hamirpur,12,4,13,0,13,18,0,0,0,0,44,32,5,14,0,0,0,14,30,7,0,0,0,0,9,46,0,32,0,0,0,0,0,125,0,845
Himachal Pradesh,Kangra,26,11,43,1,42,32,0,1,0,2,141,107,0,78,0,0,0,78,53,1,0,0,0,0,10,117,0,79,17,1,9,0,0,422,0,2698
Himachal Pradesh,Kinnaur,2,0,10,0,10,5,1,0,0,1,40,11,1,6,0,0,0,6,2,0,0,0,0,0,0,12,0,5,0,0,0,0,0,30,0,211
Himachal Pradesh,Kullu,9,4,16,0,16,24,0,0,0,0,55,49,0,26,0,0,0,26,26,2,0,0,0,0,5,66,0,35,7,0,0,0,0,114,0,914
Himachal Pradesh,Lahaul & Spiti,2,0,0,0,0,1,0,0,0,0,1,1,0,0,0,0,0,0,0,1,0,0,0,0,0,1,0,0,0,0,0,0,0,8,0,84
Himachal Pradesh,Mandi,15,6,47,2,45,46,0,1,0,0,76,57,5,51,0,0,0,51,59,2,0,0,0,0,24,65,0,101,19,0,15,0,0,346,0,1939
Himachal Pradesh,Shimla,18,15,39,2,37,39,1,0,0,6,149,116,0,78,0,0,0,72,45,16,0,0,0,0,10,35,0,64,34,0,10,0,0,290,0,1957
Himachal Pradesh,Sirmaur,6,3,28,0,28,19,0,0,0,2,50,48,0,41,0,0,0,41,27,0,1,0,0,0,4,33,0,46,40,0,6,0,0,162,0,872
Himachal Pradesh,Solan,5,1,16,1,15,24,0,1,0,0,104,73,4,30,0,0,0,30,26,14,0,0,0,0,7,21,0,31,4,0,7,0,0,227,0,947
Himachal Pradesh,Una,9,2,23,0,23,16,1,1,0,1,49,46,6,38,0,0,0,38,64,0,0,0,0,0,6,67,1,31,13,0,7,0,0,186,0,1083
Himachal Pradesh,Total,130,63,283,6,277,304,4,4,0,16,884,652,21,478,0,0,0,471,389,49,2,0,0,0,97,593,1,538,159,3,62,0,0,2336,1,14160
Jammu & Kashmir,Anantnag,9,16,19,0,19,64,2,0,0,0,92,90,0,180,0,0,0,180,20,0,1,0,0,0,14,2,0,123,0,0,0,0,0,206,0,1307
Jammu & Kashmir,Awantipora,9,6,6,0,6,19,0,0,0,3,15,31,0,15,0,0,0,15,6,0,0,0,0,0,0,0,0,19,19,0,0,0,0,69,0,389
Jammu & Kashmir,Bandipora,2,5,4,0,4,40,0,0,0,1,36,34,0,65,0,0,0,65,9,0,0,0,0,0,5,1,0,53,0,0,0,0,0,64,0,618
Jammu & Kashmir,Baramulla,2,16,10,0,10,61,0,0,0,11,56,81,0,151,0,0,0,151,13,0,1,0,0,0,9,5,0,83,0,0,0,0,0,174,0,1110
Jammu & Kashmir,Budgam,11,25,9,0,9,48,0,0,0,2,58,78,0,145,0,0,0,134,7,20,0,0,0,0,4,2,0,30,0,0,0,0,0,119,0,1026
Jammu & Kashmir,Crime Jammu,0,0,0,0,0,0,0,0,0,0,0,0,0,0,0,0,0,0,14,0,0,0,0,0,0,0,0,0,0,0,0,0,0,0,0,14
Jammu & Kashmir,Crime Srinagar,1,0,1,0,1,0,0,0,0,0,0,0,0,0,0,0,0,0,41,0,0,0,0,0,0,0,0,0,0,0,0,0,0,0,0,43
Jammu & Kashmir,Doda,3,24,23,0,23,16,0,0,0,0,40,44,0,3,0,0,0,3,13,0,0,0,0,0,5,6,0,60,0,0,0,0,0,0,0,667
Jammu & Kashmir,Ganderbal,2,11,0,0,0,20,0,1,0,0,44,26,0,50,0,0,0,0,3,0,0,0,0,0,9,2,0,54,54,0,0,0,0,86,0,473
Jammu & Kashmir,Handwara,3,14,3,0,3,26,2,0,0,2,22,44,0,53,0,0,0,53,1,0,0,0,0,0,4,3,0,80,0,0,0,0,0,94,0,562
Jammu & Kashmir,Jammu,21,86,68,0,68,73,0,1,0,6,290,399,0,71,0,0,0,71,159,0,3,0,0,0,14,17,4,81,0,0,0,0,0,1287,0,4238
Jammu & Kashmir,Kargil,1,0,2,0,2,2,0,0,0,0,3,3,0,11,0,0,0,11,0,0,0,0,0,0,0,2,0,0,0,0,0,0,0,50,0,105
Jammu & Kashmir,Kathua,13,22,18,0,18,36,3,0,0,0,58,69,0,39,0,0,0,39,18,0,0,0,0,0,11,12,1,43,0,0,0,0,0,384,0,1289
Jammu & Kashmir,Kishtwar,0,7,6,0,6,18,0,0,0,0,29,21,0,2,0,0,0,2,6,0,0,0,0,0,4,0,0,23,0,0,0,0,0,72,0,388
Jammu & Kashmir,Kulgam,4,9,7,0,7,44,5,0,0,12,39,48,0,78,0,0,0,78,12,0,0,0,0,0,7,110,0,171,0,0,0,0,0,178,0,856
Jammu & Kashmir,Kupwara,7,25,8,0,8,42,0,0,0,0,34,34,0,159,0,0,0,159,7,0,0,0,0,0,4,7,0,61,61,0,0,0,0,105,0,710
Jammu & Kashmir,Leh,1,0,6,0,6,1,0,0,0,0,7,8,0,4,0,0,0,0,10,0,0,0,0,0,0,2,0,3,0,0,0,0,0,0,0,166
Jammu & Kashmir,Poonch,8,15,13,0,13,36,1,0,0,0,38,30,0,85,0,0,0,85,10,0,0,0,0,0,12,76,0,42,42,0,0,0,0,131,0,842
Jammu & Kashmir,Pulwama,5,13,7,0,7,21,1,0,0,5,16,20,0,63,0,0,0,63,6,0,1,0,0,0,2,37,0,20,0,0,0,0,0,49,0,354
Jammu & Kashmir,Railways Jammu,1,0,0,0,0,0,0,0,0,0,0,7,0,0,0,0,0,0,0,0,0,0,0,0,0,0,0,1,0,0,0,0,0,2,0,16
Jammu & Kashmir,Railways Kashmir,0,0,0,0,0,0,0,0,0,0,2,1,0,3,0,0,0,3,0,0,0,0,0,0,0,0,0,2,0,0,0,0,0,1,0,13
Jammu & Kashmir,Railways Katra,0,0,0,0,0,0,0,0,0,0,0,1,0,0,0,0,0,0,0,0,0,0,0,0,0,0,0,0,0,0,0,0,0,0,0,6
Jammu & Kashmir,Rajouri,18,29,39,0,39,62,0,3,0,1,44,56,0,34,0,0,0,34,28,2,1,0,0,0,6,18,0,65,65,0,0,0,0,343,0,1751
Jammu & Kashmir,Ramban,3,7,8,0,8,23,0,0,0,0,17,41,0,2,0,0,0,2,7,2,0,0,0,0,2,5,0,25,0,0,0,0,0,219,0,674
Jammu & Kashmir,Reasi,1,10,16,0,16,29,2,0,0,0,20,34,0,28,0,0,0,28,9,0,0,0,0,0,2,12,0,18,0,0,1,0,0,175,0,753
Jammu & Kashmir,Samba,4,20,7,0,7,12,0,0,0,1,29,33,0,34,0,0,0,34,10,0,1,0,0,0,4,8,0,10,0,0,0,0,0,307,0,653
Jammu & Kashmir,Shopian,5,39,1,0,1,37,0,0,0,6,17,49,0,74,0,0,0,74,2,0,0,0,0,0,3,0,0,30,0,0,0,0,0,44,0,501
Jammu & Kashmir,Sopore,9,34,8,0,8,40,0,0,0,3,75,62,0,45,0,0,0,45,2,0,0,0,0,0,6,0,0,83,0,0,0,0,0,76,0,634
Jammu & Kashmir,Srinagar,5,34,12,0,12,71,3,1,0,36,238,375,0,130,0,0,0,130,77,0,5,0,0,0,27,8,0,218,1,0,0,0,0,323,0,2533
Jammu & Kashmir,Udhampur,8,17,30,0,30,19,0,0,0,0,48,54,0,3,0,0,0,3,7,0,0,0,0,0,5,6,0,23,0,0,0,0,0,445,0,1157
Jammu & Kashmir,Total,156,484,331,0,331,860,19,6,0,89,1367,1773,0,1527,0,0,0,1462,497,24,13,0,0,0,159,341,5,1421,242,0,1,0,0,5003,0,23848
Jharkhand,Bokaro,43,13,63,0,63,97,0,6,0,41,114,752,16,136,0,0,0,136,147,0,0,0,0,0,0,0,18,0,0,0,0,0,0,0,0,3145
Jharkhand,Chaibasa,120,45,54,5,49,46,3,11,0,16,34,163,17,0,0,0,0,0,43,0,0,0,0,0,4,23,2,22,11,0,0,0,0,75,1,954
Jharkhand,Chatra,59,3,18,0,18,37,0,6,0,8,20,141,0,86,0,0,0,86,35,10,0,0,0,0,5,14,62,19,0,0,0,0,0,63,22,1284
Jharkhand,Deoghar,43,67,25,0,25,63,0,10,0,17,84,343,0,91,0,0,0,91,98,0,1,0,0,0,4,564,28,21,6,0,0,0,0,88,0,2300
Jharkhand,Dhanbad,79,8,54,4,50,155,0,34,0,48,219,1052,0,225,7,0,0,216,26,38,1,0,0,0,4,27,28,54,0,0,0,0,0,449,0,4929
Jharkhand,Dhanbad Railway,13,0,0,0,0,5,0,13,0,7,1,221,0,0,0,0,0,0,6,0,0,0,0,0,0,1,2,6,0,0,0,0,0,0,0,365
Jharkhand,Dumka,59,32,39,2,37,31,0,10,0,5,73,239,9,62,0,0,0,62,33,19,0,0,0,0,3,146,11,9,0,0,2,0,0,146,11,1592
Jharkhand,Garhwa,67,248,50,0,50,90,0,3,3,30,60,154,0,143,143,0,0,0,93,0,0,0,0,0,6,85,25,19,19,0,0,0,0,107,0,2582
Jharkhand,Giridih,72,71,58,0,58,91,0,20,0,35,62,284,5,199,199,0,0,0,145,60,0,0,0,0,1,34,40,39,39,0,0,0,0,88,0,3491
Jharkhand,Godda,50,0,34,0,34,61,0,3,0,6,18,147,0,74,0,0,0,74,56,0,0,0,0,0,0,0,3,0,0,0,0,0,0,110,0,1710
Jharkhand,Gumla,187,21,67,6,61,45,4,6,0,34,21,140,0,13,0,0,0,13,38,6,0,0,0,0,7,0,1,15,0,0,0,0,0,92,58,1200
Jharkhand,Hazaribagh,60,4,52,7,45,110,0,25,0,25,131,459,0,97,0,0,0,97,135,2,1,0,0,0,12,7,23,50,0,0,0,0,0,147,1,3039
Jharkhand,Jamshedpur,100,52,55,0,55,82,3,11,0,43,175,909,2,99,0,0,0,99,427,41,1,0,0,0,5,61,13,47,11,0,0,0,0,197,0,3985
Jharkhand,Jamshedpur Railway,11,0,0,0,0,5,0,0,0,4,1,118,0,0,0,0,0,0,5,0,1,0,0,0,1,1,0,2,0,0,0,0,0,2,1,188
Jharkhand,Jamtara,18,49,27,1,26,28,2,2,0,6,30,123,5,111,0,0,1,50,71,32,0,0,0,0,6,3,10,29,1,0,0,2,0,39,0,1032
Jharkhand,Khunti,84,12,7,0,7,16,7,1,1,19,2,38,3,36,0,0,0,36,5,8,0,0,0,0,4,3,2,3,0,0,0,0,0,20,24,419
Jharkhand,Koderma,25,6,15,0,15,41,0,11,1,11,33,125,0,78,0,0,0,78,60,0,0,0,0,0,0,0,16,0,0,0,0,0,0,75,0,1344
Jharkhand,Latehar,41,11,25,4,21,37,0,6,0,9,15,107,0,46,0,0,2,21,18,15,0,0,0,0,0,0,8,0,0,0,0,0,0,47,0,859
Jharkhand,Lohardagga,40,14,43,0,43,32,0,3,0,13,25,75,0,5,0,0,0,5,25,0,0,0,0,0,4,0,2,5,0,0,0,0,0,48,0,536
Jharkhand,Pakur,30,16,55,3,52,18,1,1,0,5,35,74,3,58,0,0,1,57,47,3,0,0,0,0,2,29,1,12,5,0,0,0,0,0,6,839
Jharkhand,Palamu,77,90,44,4,40,68,6,22,0,43,87,203,0,122,0,0,0,122,51,48,0,0,0,0,9,16,19,15,15,0,0,0,0,88,0,2556
Jharkhand,Ramgarh,40,40,48,2,46,60,0,21,0,10,51,298,14,103,0,0,0,103,53,0,1,0,0,0,7,10,11,20,7,0,3,0,0,158,0,1488
Jharkhand,Ranchi,133,45,75,6,69,81,0,11,0,50,84,518,0,90,0,0,0,90,112,31,0,0,0,0,3,305,13,1,0,0,0,0,0,361,21,2447
Jharkhand,Sahebganj,72,29,87,7,80,68,0,3,0,9,10,116,0,69,0,0,0,69,89,0,0,0,0,0,2,0,4,20,0,0,0,0,0,0,5,1522
Jharkhand,Saraikela,58,19,31,1,30,41,0,3,0,11,47,207,0,18,0,0,0,18,21,37,0,0,0,0,4,10,7,27,0,0,0,0,0,91,0,1108
Jharkhand,Simdega,77,12,24,0,24,15,0,2,0,16,10,40,0,14,0,0,0,14,16,6,0,0,0,0,1,5,1,5,0,0,0,0,0,70,0,421
Jharkhand,Total,1658,907,1050,52,998,1423,26,244,5,521,1442,7046,74,1975,349,0,4,1537,1855,356,6,0,0,0,94,1344,350,440,114,0,5,2,0,2561,150,45335
Karnataka,Bagalkot,39,50,22,0,22,25,0,1,0,17,125,161,0,208,0,1,0,198,91,5,1,0,0,0,12,29,4,96,0,0,0,0,0,581,0,2131
Karnataka,Bengaluru City,241,489,104,8,96,708,1,51,0,1067,1542,11455,0,388,0,0,0,373,3045,43,29,0,0,0,100,217,57,680,53,4,19,0,0,4315,12,31892
Karnataka,Bengaluru District,78,82,60,0,60,83,0,25,0,145,262,667,0,248,0,0,0,248,318,22,0,0,0,0,13,32,22,135,0,0,0,0,0,0,0,5567
Karnataka,Belagavi District,75,99,59,0,59,47,0,19,0,40,205,326,0,447,0,0,0,403,115,10,0,0,0,0,21,94,4,233,23,0,2,0,0,1429,0,4851
Karnataka,Ballari,58,65,48,0,48,20,0,6,0,49,216,380,0,233,0,0,0,233,228,21,1,0,0,0,5,338,12,121,0,0,0,0,0,802,0,3304
Karnataka,Bidar,44,44,33,0,33,52,0,3,0,38,127,250,0,227,5,0,0,219,75,5,1,0,0,0,14,34,10,82,0,0,0,0,0,1217,0,4333
Karnataka,Vijayapura,64,94,45,0,45,43,0,4,0,48,127,151,0,276,0,0,0,276,68,4,1,0,0,0,37,40,7,127,24,0,2,0,0,798,0,2931
Karnataka,Chikkaballapura,32,45,36,0,36,27,0,6,0,21,103,231,0,181,0,0,0,179,89,17,0,0,0,0,9,26,10,106,0,0,0,0,0,490,0,2405
Karnataka,Chamarajnagar,28,36,11,0,11,19,0,1,0,7,41,138,0,87,1,0,0,85,31,1,0,0,0,0,6,13,5,92,2,0,1,0,0,342,1,1607
Karnataka,Chikkamagaluru,39,53,30,2,28,38,0,10,0,34,104,215,0,97,0,0,0,93,86,10,1,0,0,0,9,22,5,172,0,0,0,0,0,0,0,2878
Karnataka,Chitradurga,47,31,24,0,24,31,0,4,0,24,100,266,4,244,0,0,0,244,77,2,0,0,0,0,12,14,17,241,0,0,0,0,0,1501,0,3981
Karnataka,Dakshina Kannada,26,33,40,1,39,10,0,4,0,19,100,91,0,148,3,0,0,141,88,11,1,0,0,0,12,16,1,70,8,0,2,0,0,818,0,2087
Karnataka,Davanagere,45,62,40,1,39,60,0,7,0,45,170,439,0,290,2,0,0,266,111,19,1,0,0,0,8,35,9,211,27,0,2,0,0,963,0,3635
Karnataka,Dharwad,24,23,23,0,23,8,0,4,0,9,38,69,0,127,1,0,0,106,29,1,0,0,0,0,5,24,3,32,4,0,2,0,0,384,0,1219
Karnataka,Gadag,12,18,15,0,15,11,0,2,0,14,55,82,0,92,0,0,0,92,48,5,1,0,0,0,3,18,2,31,0,0,0,0,0,361,0,1109
Karnataka,Kalaburgi,75,97,53,2,51,66,0,4,0,67,196,307,405,1,0,0,0,0,110,5,0,0,0,0,5,69,14,145,0,0,0,0,0,1208,0,4448
Karnataka,Hassan,64,96,63,1,62,57,0,11,0,33,181,344,0,157,0,0,0,156,110,12,1,0,0,0,27,4,11,251,0,0,0,0,0,1703,0,5182
Karnataka,Haveri,28,44,40,0,40,17,0,10,0,12,79,253,0,250,0,0,0,250,37,0,0,0,0,0,0,23,10,94,0,0,0,0,0,714,0,2201
Karnataka,Hubballi Dharwad City,20,35,21,0,21,37,0,4,0,72,141,321,0,109,0,0,0,109,130,18,3,0,0,0,4,34,7,31,3,0,0,0,0,436,1,1936
Karnataka,K.G.F.,13,37,20,1,19,12,1,2,0,19,45,70,0,40,0,0,0,39,64,1,0,0,0,0,5,7,1,21,5,0,1,0,0,117,0,777
Karnataka,Kodagu,33,33,25,0,25,36,0,1,0,9,99,128,0,32,1,0,0,0,80,12,0,0,0,0,8,13,1,60,0,0,0,0,0,456,0,1824
Karnataka,Kolar,35,67,32,1,31,18,0,2,0,42,61,184,0,220,0,2,0,208,80,10,1,0,0,0,9,10,8,67,13,0,3,0,0,594,0,2188
Karnataka,Koppal,26,12,28,0,28,31,0,5,0,12,58,188,0,175,0,0,0,175,111,0,1,0,0,0,4,183,4,34,0,0,0,0,0,627,0,1883
Karnataka,Mandya,41,65,36,0,36,69,0,17,0,61,201,421,0,230,3,1,0,216,88,9,0,0,0,0,20,37,11,278,0,0,0,0,0,1324,0,4984
Karnataka,Mangaluru City,30,79,25,0,25,22,0,18,0,57,228,230,0,128,9,0,0,119,282,8,1,0,0,0,12,11,1,72,0,0,0,0,0,960,0,3039
Karnataka,Mysuru City,24,35,41,0,41,52,0,6,0,73,106,542,0,72,0,0,0,68,227,0,1,0,0,0,0,20,3,87,10,2,4,0,0,663,0,2766
Karnataka,Mysuru District,52,51,41,0,41,50,0,5,0,28,183,496,0,266,0,1,0,254,87,6,0,0,0,0,18,34,20,201,0,0,0,0,0,867,0,4118
Karnataka,Raichur,53,64,55,1,54,37,0,3,0,10,66,209,0,306,0,0,0,300,132,6,1,0,1,0,9,39,5,198,0,0,0,0,0,673,0,3128
Karnataka,K.Railways,13,1,1,0,1,4,0,8,0,96,0,712,0,0,0,0,0,0,6,0,3,0,0,0,0,23,1,9,9,0,0,0,0,0,0,948
Karnataka,Ramanagar,73,59,43,2,41,55,0,13,0,81,207,454,0,221,0,0,0,221,102,33,1,0,0,0,12,50,12,142,0,0,0,0,0,1400,0,4249
Karnataka,Shimoga,50,50,58,2,56,54,0,12,0,60,312,326,0,350,0,0,0,350,236,8,0,0,0,0,26,38,8,404,0,0,11,0,0,1718,2,6043
Karnataka,Tumakuru,55,50,36,0,36,34,0,7,0,50,140,293,0,197,0,0,0,193,176,13,0,0,0,0,13,44,15,242,12,0,0,0,0,1449,1,4523
Karnataka,Udupi,22,23,28,0,28,19,0,6,0,38,94,126,0,79,3,0,0,73,129,16,4,0,0,0,11,17,3,111,48,1,8,0,0,982,0,2496
Karnataka,Uttara Kannada,21,26,25,1,24,32,0,4,0,29,105,111,0,103,0,0,0,103,108,11,0,0,0,0,13,38,0,154,8,1,2,0,0,1042,0,2783
Karnataka,Yadgiri,31,40,41,2,39,22,0,2,0,13,40,68,0,122,3,0,0,119,26,0,0,0,0,0,4,36,2,148,1,0,3,0,0,364,0,1496
Karnataka,Belagavi City,25,37,22,0,22,27,0,5,1,77,175,315,0,169,7,0,0,155,115,7,0,0,0,0,18,35,8,85,3,0,2,0,0,609,1,2396
Karnataka,Total,1636,2225,1324,25,1299,1933,2,292,1,2516,6032,21019,409,6520,38,5,0,6264,6935,351,54,0,1,0,484,1717,313,5263,253,8,64,0,0,31907,18,137338
Kerala,Alapuzha,19,33,61,0,61,8,0,13,1,54,190,226,76,238,0,0,0,213,429,0,2,0,0,0,14,117,0,245,41,0,0,0,0,5759,0,11033
Kerala,Ernakulam Commr.,13,29,64,0,64,4,0,2,0,17,157,331,140,57,0,0,0,57,749,1,3,0,0,0,3,49,0,158,158,0,0,0,0,13431,3,17088
Kerala,Ernakulam Rural,19,27,71,0,71,8,0,3,0,32,193,363,0,321,0,0,0,311,320,38,7,0,0,0,12,167,0,224,29,0,0,0,0,14471,0,20185
Kerala,Idukki,20,25,71,0,71,10,0,0,0,26,157,144,0,216,0,0,0,213,206,12,1,0,0,0,9,90,2,186,26,0,0,0,0,1415,0,5264
Kerala,Kannur,22,35,59,0,59,15,0,1,0,83,185,149,0,745,2,0,0,403,190,0,3,0,0,0,86,65,1,222,26,0,1,0,0,1644,0,6716
Kerala,Kasargod,16,27,59,1,58,8,0,6,0,32,142,161,0,422,5,0,0,318,223,3,1,0,0,0,44,55,0,123,16,0,3,0,0,801,1,5016
Kerala,Kollam Commr.,10,34,78,0,78,13,0,2,0,63,95,143,0,301,0,0,0,276,187,14,2,0,0,0,13,132,1,287,287,0,0,0,0,1418,0,9314
Kerala,Kollam Rural,28,35,81,0,81,19,0,2,0,32,194,161,0,293,0,0,0,228,192,12,0,0,0,0,16,107,2,240,0,0,0,0,0,1053,0,7910
Kerala,Kottayam,17,32,75,1,74,14,0,6,0,38,169,235,0,186,0,0,0,156,240,0,0,0,0,0,17,108,0,204,41,0,0,0,0,12303,0,17769
Kerala,Kozhikode Commr.,8,13,35,0,35,2,0,0,0,52,183,282,0,220,0,0,0,189,259,3,9,0,0,0,9,31,1,107,6,0,1,0,0,1982,0,4665
Kerala,Kozhikode Rural,9,54,52,2,50,10,0,2,0,36,196,203,0,408,0,0,0,288,347,13,3,0,0,0,63,42,0,226,95,3,4,0,0,1840,0,5391
Kerala,Malappuram,19,50,103,0,103,8,0,1,0,34,271,310,0,682,0,0,0,682,374,0,5,0,0,0,9,103,1,346,10,0,5,0,0,12448,0,18057
Kerala,Palakkad,23,53,88,0,88,21,0,5,0,52,204,308,0,473,0,0,0,437,410,3,3,0,0,0,31,97,7,182,46,5,3,0,0,2411,0,14780
Kerala,Pathanamthitta,11,37,63,0,63,13,0,6,0,41,187,228,126,89,0,0,0,75,274,15,3,0,0,0,19,136,0,163,16,2,0,0,0,5022,0,8533
Kerala,Railways,3,0,0,0,0,2,0,0,0,12,2,299,0,7,0,0,0,6,2,0,0,0,0,0,0,0,0,74,18,0,0,0,0,0,3,508
Kerala,Thrissur Commr.,17,17,38,0,38,8,0,5,0,34,83,165,84,98,0,0,0,73,362,4,3,0,0,0,12,67,0,109,22,3,7,0,0,3233,1,6548
Kerala,Thrissur Rural,24,57,94,0,94,10,0,1,0,68,141,263,103,278,1,0,0,213,467,0,4,0,0,0,47,165,2,298,41,4,5,0,0,14859,1,20117
Kerala,Trivandrum Commr.,13,23,56,1,55,14,0,1,0,59,147,325,2,226,0,0,0,226,294,23,14,0,0,0,10,48,2,254,52,0,5,0,0,8816,0,12504
Kerala,Trivandrum Rural,45,78,122,2,120,19,0,11,0,83,472,338,15,416,0,0,0,383,361,13,2,0,0,0,29,209,6,581,15,0,0,0,0,5271,0,12024
Kerala,Wayanadu,9,15,75,1,74,16,0,2,0,21,79,64,9,143,0,0,0,135,169,1,1,0,0,0,8,37,0,134,35,1,3,0,0,785,0,3182
Kerala,Crime Branch,22,2,2,0,2,0,0,2,0,0,5,2,3,1,0,0,0,1,36,1,0,0,0,0,2,2,3,4,0,0,0,0,0,0,2,185
Kerala,Total,367,676,1347,8,1339,222,0,71,1,869,3452,4700,558,5820,8,0,0,4883,6091,156,66,0,0,0,453,1827,28,4367,980,18,37,0,0,108962,11,206789
Madhya Pradesh,Agar,5,31,28,1,27,18,0,0,0,5,54,142,0,20,5,0,0,15,7,0,0,0,0,0,12,38,2,56,47,0,1,0,0,281,0,1652
Madhya Pradesh,Alirajpur,46,20,17,0,17,17,0,4,1,10,35,94,0,9,0,0,0,9,5,0,0,0,0,0,10,63,0,15,0,0,0,0,0,306,0,1161
Madhya Pradesh,Anuppur,35,16,70,3,67,107,1,1,0,23,168,187,0,24,0,0,0,24,22,0,1,0,0,0,7,29,7,121,43,2,9,0,0,305,0,2666
Madhya Pradesh,Ashok Nagar,29,30,76,8,68,67,1,1,0,15,123,125,0,26,0,0,0,26,11,0,0,0,0,0,13,263,12,171,33,0,5,0,0,360,0,3366
Madhya Pradesh,Balaghat,60,23,131,4,127,187,0,1,0,16,144,136,0,41,0,0,0,41,40,0,0,0,0,0,18,23,12,178,89,2,21,0,0,568,1,3507
Madhya Pradesh,Barwani,44,19,68,1,67,27,0,1,0,7,112,222,0,22,3,0,1,16,7,4,0,0,0,0,13,34,4,92,24,0,5,0,0,821,1,2857
Madhya Pradesh,Betul,63,53,164,7,157,191,0,0,0,19,231,339,0,2,0,0,0,2,40,33,0,0,0,0,16,40,9,417,100,2,51,0,0,884,8,6822
Madhya Pradesh,Bhind,62,126,78,5,73,106,8,6,0,92,204,418,0,71,0,0,0,0,51,0,0,0,0,0,13,1247,30,142,0,0,0,0,0,0,0,4870
Madhya Pradesh,Bhopal,83,117,223,24,199,366,0,9,0,113,1041,3010,0,62,0,0,0,62,190,0,5,0,0,5,22,327,20,343,343,0,0,0,0,3260,0,16094
Madhya Pradesh,Bhopal Railway,4,4,3,0,3,25,0,1,0,20,6,1670,0,4,0,0,0,4,5,0,0,0,0,0,0,1,0,19,19,0,0,0,0,0,0,2067
Madhya Pradesh,Burhanpur,20,20,46,1,45,24,0,3,0,5,58,121,0,8,0,0,0,8,21,0,0,0,0,0,2,47,5,90,32,1,14,0,0,371,0,1958
Madhya Pradesh,Chhatarpur,44,48,78,0,78,181,0,0,0,35,197,217,0,28,0,0,0,28,35,0,0,0,0,0,16,308,22,232,232,0,0,0,0,0,0,4463
Madhya Pradesh,Chhindwara,73,43,205,0,205,231,0,1,0,13,245,289,0,42,0,0,0,42,48,0,2,0,0,0,22,2024,9,241,241,0,0,0,0,1226,0,6149
Madhya Pradesh,Damoh,33,48,46,2,44,109,0,0,0,11,89,112,0,10,0,0,0,10,16,0,0,0,0,0,7,107,31,137,0,0,0,0,0,394,0,2702
Madhya Pradesh,Datia,42,47,34,12,22,71,0,3,0,48,76,145,0,17,0,0,0,17,23,0,0,0,0,0,13,74,14,88,0,0,0,0,0,9,0,2783
Madhya Pradesh,Dewas,64,55,121,6,115,88,0,0,0,14,194,511,0,48,0,0,0,48,43,2,0,0,0,0,13,94,10,216,61,2,35,0,0,1307,2,7426
Madhya Pradesh,Dhar,51,43,138,6,132,341,0,5,0,76,261,857,0,65,0,0,0,65,38,0,0,0,0,0,34,493,15,244,244,0,0,0,0,1879,0,7479
Madhya Pradesh,Dindori,24,12,91,0,91,75,0,0,0,5,65,83,0,11,0,0,0,11,14,0,0,0,0,0,11,7,4,162,0,0,0,0,0,421,0,3851
Madhya Pradesh,Guna,46,51,123,14,109,173,0,4,0,34,155,409,0,52,0,0,0,52,31,0,0,0,0,0,23,500,12,168,1,0,1,0,0,574,1,4539
Madhya Pradesh,Gwalior,78,137,158,16,142,233,1,7,0,99,641,1821,0,108,0,0,0,108,143,0,0,0,0,0,18,66,36,364,52,0,32,0,0,1915,1,12958
Madhya Pradesh,Harda,12,14,47,2,45,79,0,0,0,8,52,80,0,10,0,0,0,10,6,4,0,0,0,0,3,44,5,82,40,0,6,0,0,251,0,2016
Madhya Pradesh,Hoshangabad,59,65,102,5,97,110,0,3,0,42,227,416,0,38,0,0,0,38,26,16,1,0,0,0,19,110,6,183,21,4,11,0,0,810,0,4870
Madhya Pradesh,Indore,115,220,261,11,250,507,1,3,0,317,1588,6530,7,82,6,0,0,75,177,51,5,0,0,0,49,139,37,411,127,1,39,0,0,5344,1,23992
Madhya Pradesh,Indore Railway,1,0,4,1,3,5,0,2,0,4,5,434,0,0,0,0,0,0,0,0,0,0,0,0,0,0,0,9,0,0,0,0,0,0,0,552
Madhya Pradesh,Jabalpur,92,151,194,4,190,517,0,2,0,137,580,1025,0,69,0,0,0,58,115,16,2,0,0,0,7,137,34,374,0,0,0,0,0,2839,4,12918
Madhya Pradesh,Jabalpur Railway,3,2,4,1,3,15,0,1,0,37,4,909,0,1,0,0,0,1,1,0,0,0,0,0,0,3,0,21,7,0,0,0,0,8,0,1159
Madhya Pradesh,Jhabua,33,13,52,0,52,102,0,2,0,45,116,196,0,29,0,0,0,29,29,0,0,0,0,0,19,122,0,98,0,0,0,0,0,758,0,2990
Madhya Pradesh,Katni,35,24,93,4,89,192,0,1,0,15,174,161,1,8,0,0,0,6,35,2,2,0,0,0,12,153,18,178,54,0,2,0,0,330,1,3670
Madhya Pradesh,Khandwa,31,33,84,8,76,127,1,3,0,17,312,357,0,39,0,0,0,39,53,0,0,0,0,0,26,49,6,270,254,1,15,0,0,578,0,4011
Madhya Pradesh,Khargone,42,29,118,0,118,126,0,0,0,18,195,425,0,23,0,0,0,23,27,0,0,0,0,0,12,125,43,247,0,0,0,0,0,104,3,4533
Madhya Pradesh,Mandla,36,15,64,1,63,141,0,0,0,5,72,57,0,6,0,0,0,6,22,0,0,0,0,0,4,248,6,99,0,0,0,0,0,38,1,2220
Madhya Pradesh,Mandsaur,30,65,90,0,90,140,0,4,0,9,199,368,0,25,0,0,0,25,39,0,0,0,0,0,25,103,5,183,0,0,0,0,0,669,0,5565
Madhya Pradesh,Morena,43,47,43,6,37,120,0,6,0,69,158,503,0,101,0,0,0,101,14,16,2,0,0,0,7,308,30,131,0,1,2,0,0,845,1,5944
Madhya Pradesh,Narsinghpur,40,30,113,0,113,87,0,0,0,7,122,145,0,21,0,0,0,21,25,0,0,0,0,0,20,1675,20,165,0,0,0,0,0,0,0,3777
Madhya Pradesh,Neemuch,8,18,47,0,47,41,0,0,0,9,79,250,0,17,0,0,0,17,17,0,0,0,0,0,5,56,3,88,22,16,2,0,0,466,0,2986
Madhya Pradesh,Panna,29,12,41,6,35,145,0,0,0,14,95,73,0,1,0,0,0,1,11,0,0,0,0,0,11,205,10,84,0,0,0,0,0,0,0,2063
Madhya Pradesh,Raisen,46,52,161,9,152,90,0,3,1,21,109,340,5,36,8,0,18,0,20,1,0,0,0,0,19,119,5,225,74,2,11,0,0,554,0,5204
Madhya Pradesh,Rajgarh,28,32,94,0,94,112,0,2,0,24,160,363,0,41,0,0,0,41,24,1,1,0,0,1,72,96,5,235,0,0,0,0,0,789,0,5529
Madhya Pradesh,Ratlam,36,53,69,3,66,172,0,5,0,31,148,339,0,38,0,0,0,38,35,0,0,0,0,0,14,230,5,151,0,0,0,0,0,908,4,4560
Madhya Pradesh,Rewa,73,35,110,4,106,272,4,4,0,97,641,562,0,44,0,0,0,44,19,22,4,0,0,0,29,139,36,169,17,0,2,0,0,177,0,6678
Madhya Pradesh,Sagar,75,61,126,9,117,214,0,0,0,23,264,439,0,85,0,0,0,85,28,1,0,0,0,0,26,307,35,405,110,10,24,0,0,1169,2,7674
Madhya Pradesh,Satna,69,63,187,12,175,451,0,4,0,67,379,495,0,68,0,0,0,68,37,0,1,0,0,0,25,649,30,254,254,0,0,0,0,0,0,7539
Madhya Pradesh,Seoni,29,11,83,3,80,155,0,0,0,5,114,181,0,19,0,0,0,19,41,0,0,0,0,0,11,77,9,137,69,1,12,0,0,662,2,3484
Madhya Pradesh,Shahdol,36,24,122,15,107,200,0,1,0,32,277,334,0,26,0,5,0,21,39,0,1,0,0,0,16,92,16,272,68,39,50,0,0,619,4,5240
Madhya Pradesh,Shajapur,20,25,68,7,61,47,0,0,0,15,141,314,0,29,3,0,3,21,13,7,1,0,0,0,17,99,7,139,113,0,9,0,0,455,0,3754
Madhya Pradesh,Sheopur,18,15,23,3,20,36,0,3,0,6,47,92,0,26,0,0,0,12,11,0,0,0,0,0,5,72,5,57,10,0,6,0,0,160,0,1578
Madhya Pradesh,Shivpuri,55,55,101,10,91,172,1,3,0,52,207,389,0,63,0,0,0,0,54,0,1,0,0,0,43,230,11,269,69,0,8,0,0,872,2,5836
Madhya Pradesh,Sidhi,31,10,40,2,38,100,0,0,0,21,116,107,0,13,0,0,0,13,21,0,0,0,0,0,7,54,14,100,29,1,0,0,0,570,1,3576
Madhya Pradesh,Sehore,33,46,124,15,109,149,0,0,0,21,267,472,0,39,0,0,0,39,25,0,1,0,0,1,17,61,12,162,21,0,0,0,0,1074,0,5006
Madhya Pradesh,Singrauli,42,29,88,10,78,114,0,0,0,15,147,231,0,37,1,4,0,32,10,8,0,0,0,0,22,88,17,97,47,0,5,0,0,389,9,3349
Madhya Pradesh,Tikamgarh,36,25,92,4,88,79,0,1,0,25,165,128,0,35,0,0,0,35,17,0,0,0,0,0,12,196,15,133,21,0,4,0,0,507,0,3458
Madhya Pradesh,Ujjain,67,134,126,3,123,148,1,3,0,54,434,1103,0,66,6,0,0,60,45,7,2,0,0,0,7,114,11,282,0,0,0,0,0,1650,1,9141
Madhya Pradesh,Umaria,17,6,51,1,50,91,0,1,0,12,102,78,0,11,0,0,0,11,16,0,0,0,0,0,5,31,2,104,104,0,0,0,0,0,0,2172
Madhya Pradesh,Vidisha,48,82,156,15,141,140,0,1,0,35,315,440,0,34,0,0,0,27,46,0,0,0,0,0,16,197,21,299,71,1,19,0,0,783,0,6009
Madhya Pradesh,Cyber Cell,0,0,0,0,0,0,0,0,0,0,0,0,0,0,0,0,0,0,0,0,0,0,0,0,0,0,0,0,0,0,0,0,0,0,0,0
Madhya Pradesh,Total,2274,2439,5076,284,4792,7833,19,105,2,1969,12110,29244,13,1850,32,9,22,1604,1888,191,32,0,0,7,865,12113,733,9609,3163,86,401,0,0,39259,50,272423
Maharashtra,Ahmednagar,109,74,103,6,97,121,0,44,2,274,559,1519,65,457,0,0,0,457,165,0,3,0,0,0,46,199,13,269,67,0,3,0,0,747,0,6957
Maharashtra,Akola,52,50,52,1,51,42,0,14,0,108,177,736,36,97,4,0,7,86,108,7,3,0,0,0,34,121,5,219,101,15,19,0,0,503,0,4433
Maharashtra,Amravati Commr.,27,49,27,3,24,36,0,2,0,56,206,815,61,13,3,0,0,9,90,17,2,0,0,0,16,69,1,132,24,1,15,0,0,510,0,3338
Maharashtra,Amravati Rural,51,63,103,5,98,76,0,6,0,42,236,1221,23,43,0,0,0,43,93,0,1,0,0,0,70,269,8,415,216,6,77,0,0,546,0,6948
Maharashtra,Aurangabad Commr.,35,54,27,2,25,63,0,25,0,204,267,1419,36,134,0,0,0,134,197,4,2,0,0,0,35,71,2,227,110,2,65,0,0,771,0,4821
Maharashtra,Aurangabad Rural,49,63,31,1,30,37,0,18,0,41,116,917,22,264,0,0,10,254,87,0,2,0,0,0,30,77,7,177,86,0,4,0,0,402,0,4237
Maharashtra,Beed,75,93,70,3,67,72,0,21,0,94,227,678,38,266,0,0,21,230,120,2,1,0,0,0,33,121,3,273,173,2,13,0,0,856,0,4864
Maharashtra,Bhandara,20,17,28,0,28,23,0,1,1,25,153,476,6,19,1,0,0,18,55,0,0,0,0,0,20,42,3,73,47,1,8,0,0,309,0,2003
Maharashtra,Buldhana,59,55,57,4,53,44,0,12,0,44,155,669,35,186,16,0,7,163,94,10,1,0,0,0,45,128,22,253,94,1,13,0,0,396,0,4453
Maharashtra,Chandrapur,51,50,99,5,94,49,0,9,0,41,233,751,21,53,0,0,0,53,120,0,0,0,0,0,28,127,2,224,0,0,0,0,0,512,0,4441
Maharashtra,Dhule,38,46,35,3,32,43,0,32,0,56,145,366,10,166,4,0,7,149,86,1,2,0,0,0,3,50,11,98,0,0,0,0,0,378,0,2818
Maharashtra,Gadchiroli,54,55,22,3,19,8,0,4,1,8,85,102,3,9,0,0,0,6,36,0,0,0,0,0,17,24,0,32,10,0,0,0,0,90,0,875
Maharashtra,Gondia,33,21,58,4,54,26,1,1,0,20,130,313,20,13,0,0,0,13,41,0,1,0,0,0,10,59,6,113,113,0,0,0,0,209,0,1836
Maharashtra,Hingoli,27,28,24,0,24,29,1,2,0,19,51,128,9,66,0,0,0,66,44,0,1,0,0,0,12,54,4,80,51,0,8,0,0,186,0,1761
Maharashtra,Jalgaon,80,77,66,4,62,84,0,43,0,129,248,999,18,327,4,0,0,318,191,0,7,0,0,0,23,172,1,347,213,17,0,0,0,597,0,6531
Maharashtra,Jalna,64,76,33,1,32,39,0,12,0,75,206,582,51,120,0,0,0,120,116,0,0,0,0,0,23,191,13,185,155,0,0,0,0,16,0,3372
Maharashtra,Kolhapur,64,68,84,0,84,70,1,18,0,236,363,883,17,273,0,0,13,255,317,0,7,0,0,0,22,111,8,176,42,6,33,0,0,776,0,4942
Maharashtra,Latur,74,61,57,4,53,84,0,31,0,79,231,549,38,246,0,0,14,0,125,0,2,0,0,0,54,42,4,174,0,0,0,0,0,393,0,4070
Maharashtra,Mumbai Commr.,183,181,607,16,591,541,1,34,0,2094,3055,10101,6,409,0,0,2,400,2594,980,39,0,0,0,54,2006,22,1626,650,14,129,0,0,4129,84,40361
Maharashtra,Mumbai Railway,17,2,1,0,1,17,0,0,0,573,4,2247,3,6,0,0,0,6,46,0,0,0,0,0,0,14,0,55,20,0,7,0,0,0,1,3141
Maharashtra,Nagpur Commr.,103,92,113,4,109,145,0,16,1,505,1074,2962,36,147,0,0,0,147,394,2,3,0,0,0,33,313,10,279,197,4,53,0,0,1096,1,10359
Maharashtra,Nagpur Railway,2,1,3,0,3,2,0,6,0,80,0,1531,0,7,0,0,0,7,8,0,5,0,0,0,0,12,0,20,0,0,0,0,0,0,0,1768
Maharashtra,Nagpur Rural,69,46,65,0,65,35,0,7,0,65,249,1024,27,60,0,0,0,60,60,0,2,0,0,0,41,146,4,187,52,2,9,0,0,730,0,4564
Maharashtra,Nanded,73,73,43,2,41,95,0,8,0,62,243,511,27,192,5,0,8,179,11,140,4,0,0,0,41,171,6,147,147,0,0,0,0,574,0,4600
Maharashtra,Nandurbar,36,19,25,3,22,21,1,6,0,13,84,157,4,89,2,0,4,73,34,1,2,0,0,0,6,34,2,36,8,0,4,0,0,233,0,1425
Maharashtra,Nasik Commr.,26,30,28,2,26,59,3,13,0,124,299,1053,2,64,0,0,0,63,130,1,12,0,0,0,6,65,3,101,47,0,7,1,0,489,0,3883
Maharashtra,Nasik Rural,98,65,87,5,82,108,0,27,0,103,319,888,40,375,35,0,0,334,186,1,3,0,0,0,25,406,17,224,171,1,11,0,0,1599,0,6832
Maharashtra,Navi Mumbai,51,23,88,4,84,140,0,17,0,411,549,1447,0,89,0,0,0,82,576,2,9,0,0,0,10,109,6,158,30,3,24,0,0,527,0,5903
Maharashtra,Osmanabad,39,58,43,2,41,28,0,19,2,40,206,427,14,148,0,0,0,136,75,0,1,0,0,0,19,65,5,126,46,1,10,0,0,408,0,2825
Maharashtra,Palghar,85,36,98,3,95,114,0,21,1,211,631,1071,2,220,4,0,1,192,259,11,14,0,0,0,12,213,1,183,28,3,9,0,0,369,0,4692
Maharashtra,Parbhani,44,82,38,3,35,64,3,26,0,48,204,488,22,157,0,0,12,145,145,0,0,0,0,0,28,141,5,140,68,0,8,0,0,328,0,3606
Maharashtra,Pune Commr.,138,181,189,3,186,228,0,92,2,873,1362,4867,10,259,8,0,0,238,770,8,14,0,0,0,38,470,20,454,110,2,38,0,0,1299,0,14468
Maharashtra,Pune Railway,8,1,2,0,2,3,0,8,0,56,1,543,0,3,0,0,0,3,2,0,0,0,0,0,0,5,1,5,1,0,0,0,0,0,0,676
Maharashtra,Pune Rural,153,125,147,1,146,157,5,87,0,251,807,2592,36,609,1,0,21,577,282,0,4,0,0,0,37,270,13,356,59,1,38,0,0,1244,0,10334
Maharashtra,Raigad,31,17,47,2,45,41,0,6,0,72,224,429,58,146,0,4,2,126,142,4,5,0,0,0,22,74,2,99,42,0,10,0,0,386,0,2601
Maharashtra,Ratnagiri,11,15,34,3,31,19,1,2,0,38,143,256,7,66,0,0,0,61,71,1,2,0,0,0,13,24,0,59,19,0,16,0,0,342,0,1568
Maharashtra,Sangli,50,47,66,1,65,68,1,11,0,63,227,608,13,218,0,1,0,205,197,9,6,0,0,0,22,136,6,157,39,1,8,0,0,430,0,5171
Maharashtra,Satara,67,39,97,4,93,88,1,46,1,234,408,1254,4,340,2,0,0,335,155,22,10,0,0,0,26,142,4,241,89,3,34,0,0,605,0,6062
Maharashtra,Sindhudurg,7,10,12,0,12,10,1,5,0,16,84,132,9,24,0,0,0,24,10,20,2,0,0,0,15,20,0,42,29,0,11,0,0,102,0,789
Maharashtra,Solapur Commr.,21,26,39,1,38,39,0,10,0,123,231,586,6,111,0,0,1,109,99,0,2,0,0,0,6,32,3,52,20,0,5,0,0,234,0,2186
Maharashtra,Solapur Rural,87,75,97,2,95,93,0,22,1,68,253,1062,14,431,0,0,12,418,73,45,3,0,0,0,31,237,2,227,72,1,22,0,0,891,0,6235
Maharashtra,Thane Commr.,117,122,215,3,212,435,0,35,0,1315,1648,3167,12,338,0,0,0,322,953,1,20,0,0,0,38,571,13,559,309,13,52,0,0,774,22,13227
Maharashtra,Thane Rural,51,23,75,2,73,71,0,27,1,230,349,641,43,168,5,0,0,157,301,0,3,0,0,0,26,107,3,165,29,4,15,0,0,173,0,3641
Maharashtra,Wardha,35,64,62,2,60,37,0,14,0,50,166,800,14,41,0,0,0,41,95,4,0,0,0,0,19,109,1,192,32,0,6,0,0,51,0,3687
Maharashtra,Washim,31,62,33,1,32,32,1,6,0,51,115,466,30,94,5,0,0,81,55,0,0,0,0,0,26,71,5,178,178,0,0,0,0,182,0,2579
Maharashtra,Yavatmal,75,98,108,8,100,157,0,19,0,146,448,1850,58,197,0,0,5,183,151,0,1,0,0,0,65,237,12,466,58,1,13,0,0,668,0,9951
Maharashtra,Total,2670,2613,3438,126,3312,3793,21,885,13,9466,17171,56283,1006,7760,99,5,147,7078,9959,1293,201,0,0,0,1180,8127,279,10001,4052,105,797,1,0,26060,108,249834
Manipur,Bishnupur,12,23,9,0,9,11,0,0,0,0,8,50,0,6,0,0,0,6,3,0,0,0,0,0,2,20,0,6,0,0,0,0,0,78,0,307
Manipur,Chandel,4,7,0,0,0,2,0,0,0,0,0,12,0,3,0,0,0,3,0,0,0,0,0,0,3,3,0,1,0,0,0,0,0,18,0,70
Manipur,Churachandpur,13,11,5,0,5,6,0,0,0,0,7,29,0,1,0,0,0,1,5,2,0,0,0,0,2,5,0,3,2,0,0,0,0,10,0,130
Manipur,C. I. D.,0,0,0,0,0,0,0,0,0,0,0,0,0,0,0,0,0,0,0,0,0,0,0,0,0,0,0,0,0,0,0,0,0,0,0,0
Manipur,Imphal East,13,42,20,0,20,27,0,0,0,0,15,251,0,15,1,0,0,13,18,1,0,0,0,0,6,44,1,7,0,0,0,0,0,87,1,645
Manipur,Imphal West,20,61,20,0,20,52,0,0,0,4,28,475,0,42,0,0,0,42,39,10,0,0,0,0,8,103,0,44,3,0,2,0,0,243,2,1417
Manipur,Senapati,5,6,1,0,1,11,0,0,0,3,2,11,0,3,0,0,0,3,2,0,0,0,0,0,2,2,0,2,0,0,0,0,0,29,0,121
Manipur,Tamenglong,4,19,0,0,0,9,0,0,0,0,0,12,0,1,0,0,0,1,2,0,0,0,0,0,9,6,0,0,0,0,0,0,0,29,0,125
Manipur,Thoubal,15,47,19,0,19,61,0,0,0,0,13,157,0,29,0,0,0,29,29,0,1,0,0,0,6,88,0,35,0,0,0,0,0,137,0,768
Manipur,Ukhrul,10,11,1,0,1,3,0,0,0,0,2,4,0,1,0,0,0,1,1,0,0,0,0,0,5,3,0,0,0,0,0,0,0,4,0,58
Manipur,Total,96,227,75,0,75,182,0,0,0,7,75,1001,0,101,1,0,0,99,99,13,1,0,0,0,43,274,1,98,5,0,2,0,0,635,3,3641
Meghalaya,Garo Hills East,7,1,3,0,3,7,0,3,0,6,1,57,0,0,0,0,0,0,5,0,0,0,0,0,0,5,0,3,0,0,0,0,0,5,0,159
Meghalaya,Garo Hills North,14,8,3,0,3,26,0,5,0,2,4,24,0,0,0,0,0,0,0,1,0,0,0,0,0,12,0,8,0,0,0,0,0,0,0,165
Meghalaya,Garo Hills South,19,24,3,2,1,28,0,4,0,2,2,21,0,3,0,0,0,3,6,0,3,0,0,0,1,1,0,3,0,0,0,0,0,0,0,167
Meghalaya,Garo Hills South West,5,4,4,0,4,4,0,5,0,2,0,7,0,0,0,0,0,0,1,0,0,0,0,0,0,2,0,8,0,0,0,0,0,0,0,65
Meghalaya,Garo Hills West,28,26,11,0,11,59,0,9,0,13,47,72,0,2,1,0,0,1,9,4,0,0,0,0,4,12,0,11,0,0,0,0,0,17,0,532
Meghalaya,Jaintia Hills West,18,11,10,0,10,9,0,0,0,3,23,55,0,0,0,0,0,0,11,0,1,0,0,0,4,15,0,5,0,0,0,0,0,8,0,292
Meghalaya,Jaintia Hills East,19,11,11,1,10,7,2,3,0,4,2,68,0,0,0,0,0,0,8,1,1,0,0,0,9,12,0,7,0,0,0,0,0,0,0,281
Meghalaya,Khasi Hills East,24,20,14,0,14,23,0,7,0,53,35,399,0,0,0,0,0,0,111,29,5,0,0,0,12,60,0,45,0,1,4,0,0,25,0,1327
Meghalaya,Khasi Hills South West,4,1,12,0,12,0,0,3,0,1,0,15,0,0,0,0,0,0,1,0,0,0,0,0,0,3,1,0,0,0,0,0,0,1,0,60
Meghalaya,Khasi Hills West,11,7,19,0,19,9,0,4,0,3,18,50,0,0,0,0,0,0,8,0,0,0,0,0,0,12,0,4,0,0,0,0,0,0,0,271
Meghalaya,Ri-Bhoi,10,2,28,0,28,7,0,13,0,8,14,89,0,3,0,0,0,3,12,5,0,0,0,0,8,19,0,11,0,0,0,0,0,36,0,360
Meghalaya,Total,159,115,118,3,115,179,2,56,0,97,146,857,0,8,1,0,0,7,172,40,10,0,0,0,38,153,1,105,0,1,4,0,0,92,0,3679
Mizoram,Aizawl,11,13,39,5,34,2,0,1,0,5,251,455,0,0,0,0,0,0,45,1,3,0,0,0,14,57,0,58,23,0,6,0,0,0,0,1059
Mizoram,Champhai,9,3,22,0,22,1,0,0,0,0,50,86,0,0,0,0,0,0,4,0,0,0,0,0,1,10,0,0,0,0,0,0,0,0,0,238
Mizoram,Kolasib,1,1,10,0,10,2,0,5,0,0,42,136,0,0,0,0,0,0,2,2,0,0,0,0,1,6,0,10,10,0,0,0,0,9,0,263
Mizoram,Lawngtlai,6,1,9,1,8,0,0,0,0,0,15,26,0,0,0,0,0,0,1,0,1,0,0,0,0,10,0,5,0,0,0,0,0,5,0,98
Mizoram,Lunglei,8,4,14,1,13,0,0,1,0,0,39,52,0,0,0,0,0,0,3,2,2,0,0,0,0,7,0,13,13,0,0,0,0,5,0,175
Mizoram,Mamit,1,0,10,0,10,2,0,1,0,0,40,33,0,0,0,0,0,0,2,0,0,0,0,0,2,3,0,6,6,0,0,0,0,0,0,116
Mizoram,Saiha,4,0,4,0,4,0,0,0,0,0,16,27,0,0,0,0,0,0,2,0,1,0,0,0,1,3,0,2,0,0,0,0,0,0,0,73
Mizoram,Serchhip,2,0,12,0,12,0,0,0,0,1,17,37,0,0,0,0,0,0,2,0,0,0,0,0,3,4,0,3,1,2,0,0,0,1,0,98
Mizoram,Spl Traffic,0,0,0,0,0,0,0,0,0,0,0,0,0,0,0,0,0,0,0,0,0,0,0,0,0,0,0,0,0,0,0,0,0,0,0,20
Mizoram,Total,42,22,120,7,113,7,0,8,0,6,470,852,0,0,0,0,0,0,61,5,7,0,0,0,22,100,0,97,53,2,6,0,0,20,0,2140
Nagaland,Dimapur,22,17,12,3,9,25,0,8,0,26,21,215,0,2,0,0,0,2,24,3,4,0,0,2,7,8,0,10,1,0,1,0,0,0,3,512
Nagaland,Kiphire,1,2,1,0,1,0,0,0,0,0,0,2,0,0,0,0,0,0,3,1,0,0,0,0,0,1,0,0,0,0,0,0,0,1,0,13
Nagaland,Kohima,3,6,9,0,9,5,0,0,0,6,12,75,0,0,0,0,0,0,11,6,0,0,0,0,0,0,0,0,0,0,0,0,0,0,0,199
Nagaland,Longleng,0,2,1,0,1,0,0,0,0,0,0,2,0,0,0,0,0,0,0,0,0,0,0,0,0,0,0,0,0,0,0,0,0,2,0,15
Nagaland,Mokokchung,5,3,1,0,1,2,0,0,0,2,2,10,0,0,0,0,0,0,8,5,0,0,0,0,0,4,0,2,0,0,0,0,0,2,0,67
Nagaland,Mon,6,2,1,1,0,0,0,0,0,0,1,10,1,0,0,0,0,0,1,2,0,0,0,0,0,0,0,0,0,0,0,0,0,0,0,39
Nagaland,Peren,1,0,0,0,0,0,0,0,0,0,0,7,0,0,0,0,0,0,0,0,0,0,0,0,0,0,0,1,1,0,0,0,0,2,0,19
Nagaland,Phek,9,5,1,0,1,0,0,0,0,3,3,25,0,0,0,0,0,0,4,0,0,0,0,0,0,3,0,3,3,0,0,0,0,2,0,75
Nagaland,Tuensang,0,0,1,0,1,2,0,0,0,0,0,20,0,2,2,0,0,0,1,0,0,0,0,0,0,0,0,0,0,0,0,0,0,2,0,48
Nagaland,Wokha,10,9,0,0,0,2,0,0,0,0,0,29,0,6,0,0,0,0,0,0,0,0,0,0,0,0,0,0,0,0,0,0,0,0,0,90
Nagaland,Zunheboto,1,10,3,0,3,1,0,0,0,1,15,23,0,0,0,0,0,0,4,0,0,0,0,0,0,7,0,0,0,0,0,0,0,0,0,80
Nagaland,Total,58,56,30,4,26,37,0,8,0,38,54,418,1,10,2,0,0,2,56,17,4,0,0,2,7,23,0,16,5,0,1,0,0,11,3,1157
Odisha,Angul,58,89,44,0,44,85,0,39,0,107,167,548,0,73,0,7,0,65,67,0,0,0,0,0,16,14,4,146,50,0,4,0,0,0,6,2950
Odisha,Balasore,65,126,110,11,99,231,1,15,0,90,240,357,19,60,0,0,0,58,140,0,4,0,0,0,27,153,2,566,59,0,2,0,0,236,3,4305
Odisha,Baragarh,27,120,56,0,56,61,0,17,0,68,113,199,0,89,0,0,0,89,33,14,0,0,0,0,19,248,7,114,50,1,2,0,0,153,0,1817
Odisha,Berhampur,31,76,30,0,30,59,0,25,0,76,114,237,0,29,0,0,0,29,78,3,2,0,0,2,11,42,0,162,6,0,10,0,0,127,0,1709
Odisha,Bhadrak,39,86,63,1,62,116,0,3,0,25,99,222,0,45,0,0,0,45,85,0,0,0,0,0,29,38,24,178,26,0,3,0,0,0,0,2807
Odisha,Bolangir,26,70,56,0,56,130,0,13,0,59,129,199,0,64,0,0,0,64,43,0,1,0,0,0,20,212,19,211,24,0,4,0,0,140,0,2379
Odisha,Boudh,22,37,24,1,23,34,0,9,0,23,29,35,4,9,0,0,0,9,14,0,0,0,0,0,5,116,2,68,33,0,3,0,0,72,3,596
Odisha,Cuttack,40,55,58,1,57,94,0,10,0,63,118,170,0,40,0,2,0,37,49,0,0,0,0,0,15,125,27,29,9,1,0,0,0,210,0,2594
Odisha,DCP BBSR,42,102,72,7,65,151,0,30,0,123,286,1432,0,90,0,0,0,71,394,2,4,0,0,0,17,805,27,53,12,1,8,0,0,0,0,5478
Odisha,DCP CTC,36,18,66,2,64,144,0,15,0,38,163,623,0,28,0,0,0,28,157,0,0,0,0,0,4,6,21,82,12,1,2,0,0,212,0,2920
Odisha,Deogarh,12,36,32,0,32,18,0,6,0,17,36,72,0,13,0,0,0,13,10,0,0,0,0,0,5,52,1,46,39,1,2,0,0,0,0,901
Odisha,Dhenkanal,52,174,43,1,42,68,0,7,0,76,83,237,0,64,0,0,0,0,50,0,0,0,0,0,21,39,11,388,45,1,3,0,0,186,5,2000
Odisha,Gajapati,17,22,19,0,19,22,0,1,0,0,21,36,0,32,0,0,0,26,16,0,0,0,0,0,3,23,3,84,12,0,1,0,0,49,4,460
Odisha,Ganjam,75,263,85,5,80,129,0,34,0,64,137,153,0,66,2,0,0,43,51,0,0,0,0,0,29,243,13,410,43,0,12,0,0,0,0,2580
Odisha,Jagatsinghpur,43,62,37,3,34,83,1,14,0,60,165,329,0,70,0,7,0,54,76,0,0,0,0,0,18,209,26,208,20,1,4,0,0,0,0,2345
Odisha,Jajpur,76,19,73,0,73,123,0,16,0,70,185,397,0,83,0,0,0,83,58,0,1,0,0,0,27,1048,49,238,25,0,1,0,0,0,0,3174
Odisha,Jharsuguda,33,20,42,0,42,48,0,8,0,64,132,217,0,30,5,1,0,20,26,4,0,0,0,0,7,34,9,108,8,0,2,0,0,143,0,1431
Odisha,Kalahandi,38,55,101,4,97,190,0,7,0,41,85,103,0,75,0,3,0,0,63,0,0,0,0,0,8,349,12,215,11,0,7,0,0,149,0,2039
Odisha,Kandhamal,28,14,54,1,53,48,0,5,0,14,46,79,13,10,0,0,0,10,58,0,0,0,0,0,3,31,4,121,16,1,6,0,0,95,0,1089
Odisha,Kendrapara,34,40,48,6,42,88,0,7,0,36,97,107,12,47,0,0,5,37,56,0,0,0,0,0,24,156,32,154,60,1,3,0,0,0,0,2244
Odisha,Keonjhar,75,103,103,5,98,107,0,19,1,46,112,218,0,51,0,2,0,39,60,0,2,0,0,0,18,256,11,293,27,0,0,0,0,504,0,2571
Odisha,Khurda,40,45,39,0,39,103,0,17,0,63,86,197,0,48,0,0,0,33,65,0,0,0,0,0,17,15,22,103,12,2,5,0,0,163,0,2291
Odisha,Koraput,71,48,94,0,94,73,0,15,0,37,105,99,0,61,0,6,0,49,30,0,0,0,0,0,6,15,4,152,4,1,5,0,0,155,0,1357
Odisha,Malkangiri,33,30,19,1,18,21,0,21,0,9,15,33,0,17,0,0,0,17,37,0,0,0,0,0,8,16,4,29,3,0,0,0,0,23,0,420
Odisha,Mayurbhanj,110,130,139,10,129,135,1,12,0,40,148,252,26,39,0,0,0,37,77,0,2,0,0,0,13,43,32,324,41,3,7,0,0,246,2,2793
Odisha,Nayagarh,33,106,23,0,23,47,1,20,0,51,65,129,1,48,0,0,0,48,43,5,0,0,0,0,10,9,7,37,7,3,3,0,0,123,0,1487
Odisha,Nabarangpur,23,35,73,7,66,100,0,3,0,12,49,56,0,94,0,0,0,94,33,0,1,0,0,0,7,5,1,194,27,1,8,0,0,154,0,1695
Odisha,Nuapada,14,42,26,0,26,57,0,4,0,20,56,74,0,31,0,0,0,31,20,0,1,0,0,0,6,39,5,136,8,0,3,0,0,0,0,1175
Odisha,Puri,54,99,68,0,68,146,0,17,0,102,241,449,0,117,0,0,0,98,117,0,0,0,0,0,45,447,32,151,32,3,8,0,0,0,0,4317
Odisha,Rayagada,29,39,59,2,57,86,0,13,0,17,84,105,0,49,0,8,0,32,37,4,0,0,0,0,12,12,0,102,5,1,2,0,0,160,0,1199
Odisha,Rourkela,55,50,73,1,72,98,0,24,0,106,226,488,20,37,1,3,0,32,84,0,0,0,0,0,3,17,4,174,23,2,2,0,0,265,1,2670
Odisha,Sambalpur,48,79,81,6,75,98,0,18,0,123,297,567,11,74,0,0,0,74,48,1,1,0,0,0,16,687,10,108,30,2,8,0,0,341,2,3391
Odisha,Sonepur,16,15,18,1,17,27,0,8,0,15,31,75,0,22,0,0,0,21,19,0,1,0,0,0,2,3,4,46,4,0,0,0,0,71,0,724
Odisha,SRP (Cuttack),0,2,0,0,0,2,0,1,0,19,2,438,0,3,0,0,0,3,3,0,0,0,0,0,0,1,0,9,2,0,1,0,0,4,5,546
Odisha,SRP (Rourkela),4,2,1,1,0,5,0,1,0,21,30,320,0,0,0,0,0,0,3,0,0,0,0,0,0,0,0,10,1,0,0,0,0,1,0,460
Odisha,Sundargarh,51,36,49,5,44,46,0,10,0,33,90,158,6,24,1,1,2,19,46,3,1,0,0,0,6,23,12,94,16,1,3,0,0,184,11,1655
Odisha,Total,1450,2345,1978,82,1896,3073,4,484,1,1828,4082,9410,112,1732,9,40,7,1408,2246,36,21,0,0,2,477,5531,441,5543,802,28,134,0,0,4166,42,74569
Punjab,Amritsar Rural,47,60,31,4,27,98,0,0,0,12,119,124,0,0,0,0,0,0,88,1,4,0,0,0,5,191,6,78,11,0,1,0,0,46,0,1396
Punjab,Barnala,15,24,31,1,30,41,0,0,0,1,48,96,0,0,0,0,0,0,51,0,0,0,0,0,2,40,0,17,4,1,0,0,0,59,0,791
Punjab,Batala,22,30,30,0,30,46,0,0,0,3,55,86,0,0,0,0,0,0,104,0,0,0,0,0,0,161,3,36,36,0,0,0,0,20,0,865
Punjab,Bathinda,55,45,56,0,56,67,3,1,0,2,172,260,0,0,0,0,0,0,151,0,2,0,0,0,8,93,5,77,15,0,16,0,0,121,0,2117
Punjab,CP Amritsar,29,75,34,2,32,78,3,1,0,13,127,324,0,0,0,0,0,0,307,2,2,0,0,0,2,143,3,45,45,0,0,0,0,76,0,1998
Punjab,CP Jalandhar,16,32,49,0,49,111,1,1,0,10,194,498,0,0,0,0,0,0,220,2,0,0,0,0,4,48,1,77,23,1,2,0,0,55,0,2020
Punjab,CP Ludhiana,73,68,111,2,109,246,0,2,0,23,259,603,0,0,0,0,0,0,349,0,1,0,0,0,5,208,5,98,10,1,2,0,0,0,0,3546
Punjab,Faridkot,23,34,24,0,24,23,1,2,0,10,63,70,0,0,0,0,0,0,42,0,1,0,0,0,3,78,1,16,8,0,0,0,0,37,0,673
Punjab,Fatehgarh Sahib,16,10,26,0,26,28,0,0,0,3,47,89,0,0,0,0,0,0,120,0,0,0,0,0,0,16,4,22,0,0,0,0,0,93,0,920
Punjab,Fazilka,24,14,52,0,52,32,0,0,0,0,61,80,0,0,0,0,0,0,88,3,2,0,0,0,1,140,4,18,0,0,0,0,0,34,1,877
Punjab,Ferozepur,27,38,55,0,55,23,0,0,0,0,91,163,0,0,0,0,0,0,128,0,0,0,0,0,0,216,3,31,8,0,1,0,0,57,0,1300
Punjab,G. R. P.,11,0,1,0,1,4,0,0,0,0,3,94,0,0,0,0,0,0,3,0,0,0,0,0,0,8,0,3,3,0,0,0,0,0,0,372
Punjab,Gurdaspur,13,11,26,0,26,31,11,1,1,2,41,80,0,0,0,0,0,0,58,27,1,0,0,0,6,99,2,37,4,0,2,0,0,36,0,781
Punjab,Hoshiarpur,32,34,43,0,43,63,11,3,0,8,149,207,0,0,0,0,0,0,167,0,0,0,0,0,0,212,7,41,0,41,0,0,0,81,0,1637
Punjab,Jalandhar Rural,27,27,31,2,29,42,1,3,0,17,135,147,0,0,0,0,0,0,78,0,1,0,0,0,2,44,2,37,9,1,1,0,0,43,0,1154
Punjab,Kapurthala,21,29,29,0,29,40,0,2,0,10,98,132,0,0,0,0,0,0,103,0,0,0,0,0,2,190,3,33,5,0,2,0,0,42,0,1105
Punjab,Khanna,20,16,23,0,23,54,0,2,0,8,107,261,0,0,0,0,0,0,83,0,1,0,0,0,4,125,3,34,30,2,1,0,0,88,0,1132
Punjab,Ludhiana Rural,16,20,14,0,14,56,0,0,0,4,102,162,0,0,0,0,0,0,107,3,0,0,0,0,1,45,3,22,0,0,0,0,0,56,0,1081
Punjab,Mansa,32,17,22,0,22,15,1,1,0,0,51,52,0,0,0,0,0,0,109,2,0,0,0,0,1,61,5,22,7,0,1,0,0,41,0,793
Punjab,Moga,25,38,29,1,28,36,1,1,0,4,106,147,0,0,0,0,0,0,88,3,1,0,0,0,5,85,0,39,10,0,4,0,0,49,0,1172
Punjab,Muktsar,29,20,29,0,29,30,2,0,0,0,77,93,0,0,0,0,0,0,56,0,1,0,0,0,2,42,1,24,5,0,2,0,0,45,0,781
Punjab,Pathankot,9,6,11,0,11,11,0,0,0,1,45,75,0,0,0,0,0,0,107,0,0,0,0,0,1,19,4,11,2,0,0,0,0,27,0,582
Punjab,Patiala,45,59,38,3,35,91,1,2,0,4,169,294,0,0,0,0,0,0,346,2,3,0,0,0,2,56,4,66,19,1,5,0,0,279,0,2774
Punjab,Ropar,22,11,21,0,21,39,0,0,0,4,76,114,0,0,0,0,0,0,119,0,0,0,0,0,3,82,2,52,0,0,0,0,0,124,0,1122
Punjab,Sangrur,42,46,57,0,57,58,0,1,0,3,128,196,0,0,0,0,0,0,148,0,0,0,0,0,3,231,7,54,17,0,0,0,0,136,0,1935
Punjab,SAS Nagar,26,35,59,2,57,124,0,7,0,6,167,433,0,0,0,0,0,0,287,0,0,0,0,0,0,146,5,57,57,0,0,0,0,0,0,2408
Punjab,SBS Nagar,15,12,20,0,20,18,0,1,0,7,85,80,0,0,0,0,0,0,83,0,1,0,0,0,1,44,2,18,4,0,6,0,0,44,0,659
Punjab,Tarn Taran,35,53,29,7,22,45,0,1,0,2,81,107,0,0,0,0,0,0,122,0,0,0,0,0,0,194,5,48,12,0,2,0,0,3,0,1171
Punjab,Total,767,864,981,24,957,1550,36,32,1,157,2856,5067,0,0,0,0,0,0,3712,45,21,0,0,0,63,3017,90,1113,344,48,48,0,0,1692,1,37162
Rajasthan,Ajmer,45,59,130,6,123,226,0,5,0,46,293,1155,64,0,0,0,0,0,1484,0,2,0,0,0,23,17,10,181,51,7,3,0,0,873,0,9197
Rajasthan,Alwar,104,64,299,111,188,373,0,0,0,70,238,3189,378,5,5,0,0,0,1449,0,3,0,0,0,13,26,33,256,0,0,0,0,0,808,0,12742
Rajasthan,Banswara,25,13,146,2,144,152,0,0,0,27,79,186,96,42,0,0,0,39,106,0,0,0,0,0,12,57,6,103,0,0,0,0,0,263,0,2789
Rajasthan,Baran,34,63,67,5,62,162,0,2,0,22,101,449,79,0,0,0,0,0,345,0,0,0,0,0,16,168,5,212,0,0,0,0,0,330,0,4515
Rajasthan,Barmer,38,34,93,33,60,57,0,3,0,19,200,352,157,3,0,0,0,3,160,197,3,0,0,0,26,13,26,272,55,1,1,0,0,245,0,4388
Rajasthan,Bharatpur,99,66,219,84,135,290,3,0,0,29,79,1549,0,0,0,0,0,0,120,740,2,0,0,0,25,2,36,145,4,0,2,0,0,327,0,10231
Rajasthan,Bhilwara,35,32,54,1,53,122,0,0,0,22,203,799,298,7,0,0,0,7,751,0,1,0,0,0,14,66,8,173,0,0,0,0,0,508,1,7353
Rajasthan,Bikaner,48,60,75,0,75,81,0,2,0,4,138,347,0,0,0,0,0,0,855,0,2,0,0,0,15,11,15,89,0,0,0,0,0,0,7,5441
Rajasthan,Bundi,24,45,80,0,80,145,0,0,0,15,86,260,139,5,0,0,0,5,362,0,0,0,0,0,4,175,4,179,0,0,0,0,0,465,1,3823
Rajasthan,Chittorgarh,33,31,104,1,103,212,0,3,0,41,211,539,99,31,0,0,0,20,140,331,1,0,0,0,12,67,2,145,20,4,4,0,0,443,0,5435
Rajasthan,Churu,35,58,72,0,72,102,0,1,0,11,158,248,171,0,0,0,0,0,27,579,4,0,0,0,13,35,7,45,0,0,0,0,0,221,0,3847
Rajasthan,Dausa,40,21,37,6,31,123,88,3,0,10,73,1059,1042,11,0,0,0,11,536,0,2,0,0,0,7,0,5,150,0,0,0,0,0,502,0,5584
Rajasthan,Dholpur,44,78,78,11,67,90,2,0,0,11,59,480,0,0,0,0,0,0,202,4,2,0,0,0,9,32,21,43,7,2,1,0,0,205,0,4395
Rajasthan,Dungarpur,31,17,110,1,109,143,0,0,0,23,67,132,0,2,0,0,0,2,119,0,0,0,0,0,11,108,13,154,0,0,0,0,0,245,0,2678
Rajasthan,G.R.P.Ajmer,5,8,3,0,3,14,0,0,0,10,0,1118,1,1,0,0,0,1,7,0,0,0,0,0,0,1,1,5,1,0,1,0,0,3,1,1313
Rajasthan,G.R.P.Jodhpur,6,1,1,0,1,2,0,0,0,0,0,143,0,0,0,0,0,0,0,0,1,0,0,0,0,0,0,7,2,0,0,0,0,0,0,198
Rajasthan,Ganganagar,43,90,180,9,170,149,0,1,0,12,180,422,0,0,0,0,0,0,544,688,2,0,0,0,1,13,17,147,31,0,3,0,0,139,0,6929
Rajasthan,Hanumangarh,67,77,135,13,122,79,0,1,0,12,133,284,0,0,0,0,0,0,621,196,0,0,0,0,8,66,11,124,0,0,0,0,0,181,0,5021
Rajasthan,Jaipur East,35,35,73,4,69,181,0,2,0,118,443,3168,149,61,1,0,0,53,1146,0,4,0,0,0,12,0,8,165,35,0,31,0,0,691,0,8759
Rajasthan,Jaipur North,16,24,42,0,42,148,0,0,0,37,124,799,47,4,0,0,0,4,971,1,0,0,0,0,2,2,4,75,0,0,0,0,0,270,0,4120
Rajasthan,Jaipur Rural,63,22,80,22,58,170,0,9,1,37,194,766,527,13,0,0,0,9,892,86,1,0,0,0,15,6,13,183,58,0,0,0,0,835,0,6625
Rajasthan,Jaipur South,21,13,56,2,54,134,0,1,0,116,273,1735,118,7,0,0,0,6,1072,0,2,0,0,0,7,1,8,97,10,1,2,0,0,479,0,5953
Rajasthan,Jaipur West,36,35,92,4,88,190,0,0,0,85,389,1369,33,3,0,0,0,3,1445,0,0,0,0,0,5,3,13,118,7,0,1,0,0,805,0,7238
Rajasthan,Jaisalmer,12,20,10,0,10,18,0,3,0,12,74,166,0,15,0,0,0,15,21,127,1,0,0,0,13,5,5,94,0,0,0,0,0,74,0,1478
Rajasthan,Jalore,44,19,43,0,43,78,0,1,0,11,129,263,0,8,0,0,0,8,258,0,2,0,0,0,14,6,9,104,0,0,0,0,0,153,0,2971
Rajasthan,Jhalawar,49,74,138,19,118,181,1,1,0,24,143,473,296,45,0,0,0,40,223,0,0,0,0,0,29,90,11,296,26,1,3,0,0,374,0,4666
Rajasthan,Jhunjhunu,38,31,79,9,70,106,0,2,0,15,203,494,0,16,0,0,0,16,662,0,2,0,0,0,9,30,12,53,0,0,0,0,0,393,0,5277
Rajasthan,Jodhpur East,20,57,25,0,25,45,0,0,0,47,130,456,0,3,0,0,0,3,310,371,0,0,0,0,6,4,2,97,9,3,1,0,0,189,0,2952
Rajasthan,Jodhpur West,28,51,46,2,44,57,0,3,0,17,109,305,0,0,0,0,0,0,101,176,2,0,0,0,18,15,0,117,0,0,0,0,0,0,0,3281
Rajasthan,Jodhpur Rural,21,29,43,1,42,63,0,0,0,73,167,537,0,0,0,0,0,0,227,161,2,0,0,0,5,6,6,115,14,0,14,0,0,128,0,2693
Rajasthan,Karauli,34,30,49,4,45,130,0,1,0,16,45,702,321,2,0,0,0,2,233,0,2,2,0,0,18,0,14,104,0,0,0,0,0,194,0,4612
Rajasthan,Kota City,19,93,100,3,97,187,0,1,1,27,135,890,48,0,0,0,0,0,917,0,2,0,0,0,1,28,3,102,30,0,5,0,0,649,2,5248
Rajasthan,Kota Rural,19,14,60,4,56,87,0,0,0,13,65,157,85,0,0,0,0,0,271,0,2,0,0,0,12,111,2,186,0,0,0,0,0,209,0,2557
Rajasthan,Nagaur,69,85,102,0,102,133,0,2,0,14,208,472,0,0,0,0,0,0,166,520,1,0,0,0,22,9,8,94,0,2,0,0,0,272,0,5743
Rajasthan,Pali,52,44,107,0,107,161,0,2,0,45,272,420,9,0,0,0,0,0,635,0,0,0,0,0,9,27,21,341,284,1,5,0,0,56,0,6373
Rajasthan,Praapgarh,39,29,202,12,190,154,0,0,0,12,66,133,59,41,20,0,0,18,212,0,1,0,0,0,22,33,12,305,64,0,1,0,0,164,0,3124
Rajasthan,Rajsamand,17,7,48,1,47,89,0,1,0,24,108,206,104,11,0,0,0,8,315,39,0,0,0,0,7,32,6,81,3,0,3,0,0,338,0,2790
Rajasthan,Sawai Madhopur,23,38,70,20,50,114,0,5,0,15,47,635,0,0,0,0,0,0,325,0,1,0,0,0,8,0,0,96,0,0,0,0,0,253,1,4212
Rajasthan,Sikar,65,36,79,8,71,202,0,0,0,17,220,876,0,16,0,0,0,14,1243,0,1,0,0,0,40,4,14,60,0,0,0,0,0,570,0,6994
Rajasthan,Sirohi,41,44,51,1,50,66,0,2,0,11,56,126,15,8,0,2,0,6,279,0,2,0,0,0,6,67,4,78,2,0,0,0,0,222,0,2342
Rajasthan,Tonk,30,21,52,15,37,77,0,0,0,7,114,371,162,69,0,0,0,69,376,0,1,0,0,0,4,96,5,129,0,0,0,0,0,0,0,4663
Rajasthan,Udaipur,90,126,229,0,229,378,0,7,0,124,367,865,241,107,0,0,0,106,1063,100,3,0,0,0,30,59,8,479,14,1,7,0,0,1051,1,9868
Rajasthan,Total,1637,1794,3759,414,3342,5671,94,64,2,1301,6379,29095,4738,536,26,2,0,468,21191,4316,57,2,0,0,523,1491,408,5999,727,23,88,0,0,14127,14,210418
Sikkim,East,7,7,16,1,15,17,0,1,0,12,93,60,1,24,1,0,0,3,26,7,3,0,0,0,21,31,0,15,4,0,1,0,0,90,0,589
Sikkim,North,0,1,2,0,1,0,0,0,0,0,4,13,0,1,0,0,0,0,1,0,0,0,0,0,2,2,0,1,1,0,0,0,0,14,0,52
Sikkim,South,2,3,15,0,15,2,0,0,0,1,13,42,0,46,0,0,0,1,4,0,0,0,0,0,11,17,0,13,6,0,0,0,0,40,0,290
Sikkim,West,3,3,14,0,14,1,0,0,0,0,2,10,0,10,0,0,0,0,2,0,0,0,0,0,6,8,0,5,3,0,1,0,0,18,0,127
Sikkim,CID,0,0,0,0,0,0,0,0,0,0,0,1,0,0,0,0,0,0,4,0,0,0,0,0,0,0,0,0,0,0,0,0,0,0,0,7
Sikkim,Total,12,14,47,1,45,20,0,1,0,13,112,126,1,81,1,0,0,4,37,7,3,0,0,0,40,58,0,34,14,0,2,0,0,162,0,1065
Tamil Nadu,Ariyalur,19,34,6,0,6,16,0,0,0,8,21,64,0,30,0,0,0,30,22,0,0,0,0,0,12,4,2,23,0,0,0,0,0,388,0,1615
Tamil Nadu,Chennai,161,225,65,0,65,36,1,8,0,72,368,1520,124,118,0,0,0,118,553,67,74,0,0,0,17,46,10,59,0,0,0,0,1,8527,0,16861
Tamil Nadu,Coimbatore,43,34,7,0,7,35,0,5,0,104,187,361,13,32,0,0,0,32,113,0,0,0,0,0,9,7,0,21,0,0,0,0,0,1692,0,4996
Tamil Nadu,Coimbatore City,21,43,5,0,5,14,0,5,0,123,166,353,56,25,0,0,0,25,177,1,2,0,0,0,14,17,0,8,0,0,0,0,0,1315,0,4281
Tamil Nadu,Cuddalore,50,122,14,0,14,83,0,0,0,16,183,476,29,250,0,0,15,229,45,3,0,0,0,0,35,20,5,3,0,0,0,0,0,3148,0,9442
Tamil Nadu,Dharmapuri,43,50,11,0,11,139,0,4,0,31,104,282,0,116,0,0,0,116,51,0,10,0,0,0,25,35,2,26,0,0,0,0,0,1252,0,4354
Tamil Nadu,Dindigul,61,60,15,0,15,113,0,5,0,67,100,210,0,77,0,0,0,65,226,0,1,0,0,0,12,7,4,29,0,0,0,0,0,1363,0,6250
Tamil Nadu,Erode,53,20,0,0,0,30,0,0,0,44,113,298,0,27,0,0,0,27,89,0,2,0,0,0,10,26,0,19,0,0,0,0,0,1434,0,4370
Tamil Nadu,Kanchipuram,66,83,16,0,16,14,0,4,0,24,219,466,0,119,119,0,0,0,128,0,3,0,0,0,10,29,2,8,0,0,0,0,0,2460,0,8066
Tamil Nadu,Kanyakumari,41,108,7,0,7,17,0,0,0,75,195,266,0,0,0,0,0,0,144,0,5,0,0,0,40,8,2,3,0,1,0,0,0,886,0,4041
Tamil Nadu,Karur,20,20,1,0,1,15,0,0,0,16,64,135,0,43,0,0,0,43,35,0,0,0,0,0,4,3,1,20,0,0,0,0,0,717,0,2241
Tamil Nadu,Krishnagiri,59,55,13,1,12,73,0,7,0,53,174,301,0,141,0,0,0,141,74,0,1,0,0,0,13,28,4,34,0,0,0,0,0,1332,0,5095
Tamil Nadu,Madurai,67,180,37,0,37,200,0,9,0,163,324,508,0,210,0,0,0,175,662,0,1,1,0,0,31,251,5,79,15,0,0,0,0,1579,0,8212
Tamil Nadu,Madurai City,33,51,6,0,6,27,0,4,0,118,123,576,0,23,0,0,0,23,247,0,27,0,0,0,7,4,1,22,22,0,0,0,0,585,0,3226
Tamil Nadu,Nagapattinam,36,60,16,0,16,40,0,0,0,48,87,166,0,73,0,0,0,73,11,0,0,0,0,0,19,7,0,14,0,0,0,0,0,1096,0,4386
Tamil Nadu,Namakkal,35,37,0,0,0,27,0,0,0,31,65,130,0,44,0,0,0,44,40,3,0,0,0,0,10,20,0,48,0,0,0,0,0,1691,0,4003
Tamil Nadu,Nilgiris,7,14,6,0,6,5,0,0,0,3,38,44,0,11,0,0,0,11,11,0,0,0,0,0,7,16,0,12,0,0,0,0,0,231,0,1199
Tamil Nadu,Perambalur,15,18,7,0,7,4,0,1,0,14,22,62,0,22,0,0,0,22,12,0,0,0,0,0,1,9,1,26,0,0,0,0,0,332,0,1770
Tamil Nadu,Pudukottai,34,38,3,0,3,54,0,0,0,18,42,113,6,38,0,0,0,38,28,3,1,0,0,0,21,31,2,29,0,0,0,0,0,915,0,3720
Tamil Nadu,Ramnathapuram,45,84,8,0,8,37,0,5,0,25,129,141,0,65,0,0,0,63,78,1,1,0,0,0,27,15,3,12,3,0,0,0,0,640,0,3819
Tamil Nadu,Railway Chennai,3,5,1,0,1,0,0,0,0,20,4,343,0,11,0,0,0,11,3,0,1,0,0,0,0,2,0,4,0,0,0,0,0,1,0,637
Tamil Nadu,Railway Trichy,0,0,0,0,0,0,0,0,0,15,5,111,0,5,0,0,0,5,0,0,0,0,0,0,0,0,0,0,0,0,0,0,0,7,0,229
Tamil Nadu,Salem,58,56,6,0,6,48,0,1,0,24,78,142,0,91,0,0,0,91,67,0,2,0,0,0,30,15,7,46,0,0,0,0,0,1568,0,4696
Tamil Nadu,Salem City,36,30,5,0,5,23,0,2,0,59,76,261,0,44,0,0,0,44,41,2,0,0,0,0,2,573,1,12,0,0,0,0,0,809,0,4504
Tamil Nadu,Sivagangai,29,60,15,0,15,46,0,6,0,86,153,182,43,71,0,0,4,8,129,0,1,0,0,0,13,41,3,13,0,0,0,0,0,624,0,3738
Tamil Nadu,Thanjavur,70,110,8,0,8,56,0,3,0,68,157,296,0,158,0,0,0,158,60,0,0,0,0,0,39,59,0,62,0,0,0,0,0,1711,0,6225
Tamil Nadu,Theni,47,53,8,0,8,45,0,2,0,38,103,207,0,75,0,0,0,75,133,0,0,0,0,0,10,13,6,30,0,0,0,0,0,971,0,4554
Tamil Nadu,Thirunelveli,108,365,36,1,35,47,0,2,0,107,253,289,0,0,0,0,0,0,276,2,5,0,0,0,75,29,5,47,0,0,0,0,0,1523,0,8490
Tamil Nadu,Thirunelveli City,18,106,6,0,6,7,0,0,0,73,59,206,0,0,0,0,0,0,63,0,0,0,0,0,3,1,0,3,0,0,0,0,0,301,0,1623
Tamil Nadu,Thiruvallur,37,46,8,0,8,9,0,3,0,25,127,169,0,144,0,0,0,144,74,0,1,0,0,0,9,17,4,2,0,0,0,0,0,1001,0,4037
Tamil Nadu,Thiruvannamalai,47,99,16,0,16,65,0,1,0,7,137,278,1,115,1,0,1,0,64,7,0,0,0,0,15,30,6,14,0,0,0,0,0,1125,0,4411
Tamil Nadu,Thiruvarur,26,38,2,0,2,27,0,5,0,36,104,176,0,34,0,0,0,34,34,0,0,0,0,0,26,9,1,2,0,0,0,0,0,823,0,4041
Tamil Nadu,Thoothugudi,89,143,16,0,16,15,0,5,0,65,208,352,0,0,0,0,0,0,100,79,1,0,0,0,35,36,0,44,2,0,0,0,0,986,0,5344
Tamil Nadu,Tiruppur,36,24,6,0,6,60,0,3,0,61,169,220,0,33,0,0,0,33,80,0,2,0,0,0,7,8,3,15,0,0,0,0,0,1522,0,4049
Tamil Nadu,Tiruppur City,20,38,5,0,5,24,0,0,0,55,110,338,6,22,0,0,0,22,106,0,2,0,0,0,3,6,0,7,0,0,0,0,0,562,0,2490
Tamil Nadu,Trichy,39,32,8,0,8,30,0,1,0,34,55,140,0,66,0,0,0,66,57,0,1,0,0,0,0,3,2,51,0,0,0,0,0,1198,0,4688
Tamil Nadu,Trichy City,24,9,3,0,3,7,0,0,0,24,41,307,0,10,0,0,0,10,102,0,2,0,0,0,0,13,0,10,4,0,1,0,0,541,0,3074
Tamil Nadu,Vellore,92,144,12,0,12,97,0,7,0,31,317,750,0,11,0,0,0,11,85,0,6,0,0,0,20,0,3,44,0,0,0,0,0,2516,0,10492
Tamil Nadu,Villupuram,68,152,38,0,38,138,0,1,0,30,220,466,36,355,0,0,9,346,147,0,6,0,0,0,51,75,7,176,0,0,0,0,0,2506,0,9643
Tamil Nadu,Virudhunagar,49,76,13,0,13,23,0,2,0,58,166,264,0,75,0,0,0,75,167,0,2,0,0,0,13,6,3,25,0,0,0,0,0,966,0,4285
Tamil Nadu,Cyber Cell,0,0,0,0,0,0,0,0,0,0,0,0,0,0,0,0,0,0,2,0,1,0,0,0,0,0,0,0,0,0,0,0,0,0,0,3
Tamil Nadu,Other Units,0,0,0,0,0,0,0,0,0,0,0,0,0,0,0,0,0,0,0,0,0,0,0,0,0,0,0,0,0,0,0,0,0,0,0,0
Tamil Nadu,Total,1805,2922,455,2,453,1746,1,101,0,1969,5266,11969,314,2784,120,0,29,2408,4536,168,161,1,0,0,675,1519,95,1102,46,1,1,0,1,52844,0,193200
Telangana,Adilabad,101,79,42,0,42,46,0,1,0,7,292,505,0,38,0,0,3,27,223,0,3,0,0,0,37,61,16,244,52,2,36,0,0,1042,0,6036
Telangana,Cyberabad,144,124,139,6,133,165,1,15,1,62,1122,4182,1,51,31,3,0,11,2347,132,9,0,0,1,57,182,48,376,55,7,137,0,0,2331,55,19311
Telangana,Hyderabad City,118,163,126,1,125,374,0,9,0,58,754,4266,4,57,4,0,2,29,2557,43,37,0,0,0,20,119,22,393,115,12,35,0,0,2254,5,18940
Telangana,Karimnagar,109,136,66,0,66,106,1,5,0,36,377,735,0,87,0,0,0,87,813,0,6,0,0,0,38,187,34,373,5,0,2,0,0,955,0,9382
Telangana,Khammam,76,85,102,0,102,73,0,1,0,15,432,746,0,94,0,0,0,73,845,0,1,0,0,0,16,50,18,351,142,0,1,0,0,3347,0,11022
Telangana,Mahaboob Nagar,240,87,169,3,166,63,0,6,0,23,369,1112,0,105,0,0,0,105,252,0,3,0,0,0,65,58,30,242,53,4,17,0,0,855,0,7533
Telangana,Medak,130,84,60,3,57,59,3,5,0,20,384,787,0,39,0,0,0,39,312,0,2,0,0,0,45,49,34,211,27,0,26,0,0,1005,0,6931
Telangana,Nalgonda,114,148,126,1,125,95,0,6,0,30,383,722,12,129,0,0,0,129,342,0,2,0,0,0,67,152,23,447,72,2,105,0,0,1303,0,9254
Telangana,Nizamabad,122,60,36,0,36,57,0,5,0,21,416,712,8,46,2,0,2,39,306,15,2,0,0,0,65,64,25,163,20,3,10,0,0,969,0,7053
Telangana,Ranga Reddy,77,43,51,0,51,35,0,1,0,12,106,183,0,2,0,0,0,0,81,1,0,0,0,0,36,28,10,83,9,4,14,0,0,232,0,2309
Telangana,Secunderabad Railway,4,2,2,0,2,1,0,0,0,3,1,760,0,0,0,0,0,0,4,0,2,0,0,0,0,0,0,5,5,0,0,0,0,0,0,860
Telangana,Warangal,47,29,41,0,41,45,0,4,0,15,172,302,0,83,0,0,0,72,178,0,1,0,0,0,22,63,17,186,31,1,30,0,0,488,0,4407
Telangana,Warangal Urban,26,22,19,0,19,33,0,1,0,6,141,330,0,35,0,0,0,32,259,0,0,0,0,0,14,44,12,114,34,10,13,0,0,172,0,3792
Telangana,Total,1308,1062,979,14,965,1152,5,59,1,308,4949,15342,25,766,37,3,7,643,8519,191,68,0,0,1,482,1057,289,3188,620,45,426,0,0,14953,60,106830
Tripura,Dhalai,20,6,34,6,28,13,0,0,0,2,12,11,1,4,0,0,0,4,6,2,1,0,0,0,4,46,1,49,17,0,1,0,0,29,0,363
Tripura,Gomati,15,6,32,6,26,23,0,0,0,4,23,53,0,11,0,0,0,11,23,0,2,0,0,0,12,174,9,51,4,0,0,0,0,91,0,825
Tripura,G. R. P.,0,0,0,0,0,0,0,0,0,0,0,2,0,0,0,0,0,0,0,0,0,0,0,0,0,4,0,2,0,0,1,0,0,1,0,9
Tripura,Kowai,10,2,15,0,15,5,0,0,0,0,18,30,0,4,0,0,0,2,6,2,0,0,0,0,1,83,8,36,2,0,0,0,0,39,0,338
Tripura,North,10,9,26,1,25,15,0,1,1,6,11,33,0,6,0,0,0,6,14,1,3,0,0,0,5,135,6,41,0,0,0,0,0,32,0,510
Tripura,Sipahijala,19,12,19,0,19,15,3,0,0,3,28,45,0,16,0,0,0,16,18,1,0,0,0,0,12,148,1,76,0,0,0,0,0,91,0,725
Tripura,South,17,20,20,0,20,11,0,0,0,5,22,22,0,13,0,0,0,11,14,0,1,0,0,0,4,178,4,47,2,0,0,0,0,59,0,678
Tripura,Unakoti,8,9,24,1,23,11,0,0,0,4,9,22,0,19,0,0,0,13,9,0,2,0,0,0,3,127,1,29,20,0,0,0,0,31,0,401
Tripura,West,41,15,69,1,68,33,4,0,0,19,96,151,0,19,0,0,0,19,55,19,0,0,0,0,18,337,3,161,37,1,6,0,0,175,0,1650
Tripura,Total,140,79,239,15,224,126,7,1,1,43,219,369,1,92,0,0,0,82,145,25,9,0,0,0,59,1232,33,492,82,1,8,0,0,548,0,5499
Uttar Pradesh,Agra,178,99,77,7,68,463,107,10,1,218,326,3512,0,413,0,0,0,413,382,22,6,0,0,0,10,317,87,281,237,3,22,0,0,537,0,9518
Uttar Pradesh,Aligarh,179,257,112,20,92,471,63,17,1,242,302,2297,0,436,0,0,27,409,354,0,2,0,0,0,25,285,69,307,105,0,0,0,0,459,0,8793
Uttar Pradesh,Allahabad,132,121,109,27,66,330,0,9,0,125,381,2245,0,129,0,0,0,118,511,0,6,0,0,0,1,353,53,309,206,3,56,0,0,651,0,9909
Uttar Pradesh,Ambedkar Nagar,24,24,20,2,18,59,0,1,1,13,22,86,0,37,0,0,0,37,43,0,0,0,0,0,0,126,11,16,16,0,0,0,0,122,0,1323
Uttar Pradesh,Amethi,36,50,27,2,25,115,0,0,0,20,51,113,0,43,0,0,0,39,41,0,1,0,0,0,0,192,15,78,0,0,0,0,0,93,0,1522
Uttar Pradesh,Amroha,60,63,35,14,21,120,0,5,1,44,50,399,0,44,0,0,0,44,140,0,1,0,0,0,0,119,23,81,27,0,23,0,0,189,0,2826
Uttar Pradesh,Auraiya,34,25,21,6,13,99,8,3,0,14,26,165,0,20,0,0,0,20,78,0,0,0,0,0,1,7,34,73,56,0,6,0,0,176,0,1789
Uttar Pradesh,Azamgarh,68,74,42,9,29,183,0,1,1,73,143,387,0,203,0,0,0,190,134,0,1,0,0,0,0,313,34,102,52,3,28,0,0,218,0,2881
Uttar Pradesh,Badaun,120,162,71,16,55,164,14,3,1,53,50,331,0,9,0,0,0,9,68,0,1,0,0,0,2,323,56,148,141,0,4,0,0,221,0,2919
Uttar Pradesh,Baghpat,83,84,35,9,26,121,0,3,0,45,34,332,0,56,2,0,0,54,61,0,2,0,0,0,0,9,14,96,35,0,20,0,0,110,0,1844
Uttar Pradesh,Bahraich,53,35,68,10,58,202,3,0,0,14,84,258,0,73,0,0,0,73,93,0,1,0,0,0,3,169,51,45,0,0,0,0,0,122,0,2249
Uttar Pradesh,Ballia,36,29,21,2,17,116,0,0,0,28,80,287,0,113,0,0,18,95,83,0,1,0,0,0,1,188,24,71,65,2,2,0,0,84,1,1674
Uttar Pradesh,Balrampur,28,13,19,6,12,67,0,1,0,4,24,68,0,22,0,0,0,22,27,0,0,0,0,0,0,45,13,28,16,0,1,0,0,18,0,549
Uttar Pradesh,Banda,42,59,71,5,66,151,0,0,0,25,86,240,0,86,0,0,8,78,65,0,1,0,0,0,1,40,39,185,32,1,11,0,0,219,0,1948
Uttar Pradesh,Barabanki,57,42,35,0,35,65,0,2,0,17,29,113,0,3,0,0,0,2,148,0,1,0,0,0,0,306,25,51,24,1,1,0,0,199,0,2471
Uttar Pradesh,Bareilly,132,192,76,7,69,337,20,4,1,80,151,886,0,153,0,0,0,153,462,0,5,0,0,0,4,181,74,252,251,0,1,0,0,312,0,6589
Uttar Pradesh,Basti,31,8,15,0,15,53,1,2,0,11,24,85,0,20,0,0,0,20,19,0,0,0,0,0,10,86,15,27,19,0,3,0,0,56,0,752
Uttar Pradesh,Bijnor,84,63,80,31,49,184,0,4,0,59,94,434,0,77,3,0,0,71,203,0,2,0,0,0,6,16,26,175,114,5,25,0,0,86,0,3475
Uttar Pradesh,Bulandshahar,171,213,82,27,54,291,7,11,0,122,119,841,0,158,0,0,0,157,17,165,1,0,0,0,7,17,55,239,57,5,20,0,0,309,0,4775
Uttar Pradesh,Chandoli,20,14,26,7,18,78,0,0,0,27,52,156,0,39,0,0,0,38,152,0,1,0,0,0,4,207,20,92,60,0,6,0,0,67,0,1366
Uttar Pradesh,Chitrakoot,33,8,23,0,23,46,0,3,0,6,62,81,0,12,0,0,0,12,40,0,1,0,0,0,3,16,23,56,33,0,2,0,0,112,0,988
Uttar Pradesh,Deoria,42,24,35,10,25,137,3,0,0,13,55,182,0,81,0,0,0,81,35,7,4,0,0,0,5,209,31,68,2,1,4,0,0,170,0,1645
Uttar Pradesh,Etah,65,137,54,13,41,172,0,6,1,63,66,399,0,110,0,0,0,110,26,74,2,0,0,0,1,322,42,114,18,1,7,0,0,273,1,2783
Uttar Pradesh,Etawah,55,94,30,0,14,136,15,5,0,113,65,506,0,26,0,0,0,26,119,0,2,0,0,0,9,100,31,80,55,4,3,0,0,326,0,2721
Uttar Pradesh,Faizabad,32,31,37,4,33,120,0,0,0,25,79,295,0,28,0,0,0,28,138,0,0,0,0,0,0,208,13,91,38,0,7,0,0,222,0,2426
Uttar Pradesh,Fatehgarh,58,70,19,4,15,148,0,4,0,21,47,230,0,34,0,0,0,34,43,0,0,0,0,0,0,7,39,38,29,1,8,0,0,202,0,2151
Uttar Pradesh,Fatehpur,55,36,58,14,16,131,0,3,0,21,74,217,0,42,0,0,0,40,93,85,0,0,0,0,5,273,43,101,71,3,4,0,0,248,0,2559
Uttar Pradesh,Firozabad,140,162,61,4,57,284,37,8,3,92,112,687,0,201,0,0,0,201,175,0,0,0,0,0,19,347,55,131,17,5,5,0,0,352,0,4222
Uttar Pradesh,G. R. P.,30,15,5,1,4,39,3,15,0,27,1,4061,0,17,0,0,0,6,26,0,2,0,0,0,0,12,1,64,15,3,45,0,0,0,0,5158
Uttar Pradesh,Gautambudh Nagar,104,106,54,2,45,210,55,6,0,227,202,3680,0,191,1,0,0,187,382,0,3,1,0,0,0,17,35,161,121,2,24,0,0,621,0,8521
Uttar Pradesh,Ghaziabad,166,124,118,13,91,482,90,8,0,114,210,3392,1,70,0,0,0,70,493,0,1,0,0,0,2,19,38,283,164,1,59,0,0,526,1,10088
Uttar Pradesh,Ghazipur,64,70,24,3,20,128,0,7,0,32,81,260,0,113,0,0,0,93,93,0,1,0,0,0,1,273,31,69,20,1,6,0,0,75,0,1945
Uttar Pradesh,Gonda,45,50,37,3,34,139,0,0,0,18,75,180,0,48,0,0,0,48,135,0,0,0,0,0,2,237,28,56,17,1,2,0,0,115,0,2021
Uttar Pradesh,Gorakhpur,113,116,92,2,68,299,0,4,1,89,230,804,0,193,0,0,0,193,266,0,3,0,0,0,0,363,58,132,78,1,40,0,0,408,0,4537
Uttar Pradesh,Hamirpur,31,23,29,2,14,68,0,2,0,18,29,83,0,34,0,0,0,34,31,0,0,0,0,0,8,52,26,97,75,1,3,0,0,118,0,981
Uttar Pradesh,Hapur,42,71,46,7,31,82,12,4,0,35,31,493,0,40,2,0,0,34,88,0,0,0,0,0,4,11,16,62,21,1,3,0,0,140,0,1841
Uttar Pradesh,Hardoi,79,53,39,39,0,177,1,2,0,13,47,275,0,36,0,0,0,36,95,0,1,0,0,0,1,418,40,93,2,0,1,0,0,284,0,2981
Uttar Pradesh,Hathras,72,44,60,17,43,146,0,9,1,56,70,339,2,112,0,0,0,112,89,0,0,0,0,0,5,101,24,121,52,4,8,0,0,183,0,2280
Uttar Pradesh,Jalaun,36,32,12,0,3,64,0,1,0,12,40,117,0,11,0,0,0,11,42,0,0,0,0,0,0,11,30,44,15,0,1,0,0,109,1,856
Uttar Pradesh,Jaunpur,55,61,50,3,47,133,0,4,0,58,96,297,0,107,0,0,0,107,70,0,0,0,0,0,0,416,47,62,21,0,6,0,0,136,0,2352
Uttar Pradesh,Jhansi,68,44,28,1,27,112,6,5,0,22,44,316,0,65,0,0,7,54,17,68,0,0,0,0,5,20,33,85,29,1,16,0,0,214,0,1985
Uttar Pradesh,Kannauj,39,31,22,1,21,100,8,1,0,8,24,147,0,10,0,0,0,10,74,0,0,0,0,0,5,2,31,98,6,0,6,0,0,229,0,2103
Uttar Pradesh,Kanpur Dehat,46,28,20,0,20,157,0,1,0,24,22,121,0,40,0,0,0,40,68,0,0,0,0,0,12,140,35,95,0,0,0,0,0,261,0,2111
Uttar Pradesh,Kanpur Nagar,137,89,78,6,72,442,0,3,0,139,250,1536,0,233,0,0,0,224,546,0,6,0,0,0,3,238,73,261,122,6,73,0,0,752,0,8641
Uttar Pradesh,Kasganj,20,56,19,4,15,102,6,0,0,7,33,192,0,41,0,0,0,41,0,44,0,0,0,0,0,154,29,58,33,3,10,0,0,103,0,1232
Uttar Pradesh,Kaushambi,40,11,14,1,3,92,0,0,0,13,56,154,0,23,0,0,0,23,74,0,0,0,0,0,5,123,27,120,113,1,1,0,0,149,0,1945
Uttar Pradesh,Khiri,79,100,49,3,46,214,9,5,3,33,67,611,16,68,0,0,0,65,118,0,0,0,0,0,4,281,51,107,0,0,0,0,0,183,0,3465
Uttar Pradesh,Kushi Nagar,36,12,22,0,22,141,0,0,0,7,40,136,0,119,0,0,0,119,63,0,1,0,0,0,6,261,31,53,48,0,0,0,0,178,0,1757
Uttar Pradesh,Lalitpur,27,7,25,3,16,34,0,0,0,15,12,59,0,26,0,0,0,26,42,0,2,0,0,0,0,10,12,38,26,1,3,0,0,79,0,962
Uttar Pradesh,Lucknow,132,99,68,3,65,377,0,7,0,60,623,3192,29,174,0,0,0,174,923,44,7,0,0,0,14,34,52,392,277,2,73,0,0,780,0,15107
Uttar Pradesh,Maharajganj,33,6,32,4,28,103,3,1,0,14,27,61,0,41,0,0,0,37,52,0,1,0,0,0,9,150,26,29,12,0,2,0,0,76,0,1162
Uttar Pradesh,Mahoba,27,29,22,6,16,58,5,1,0,18,34,57,0,26,0,0,0,26,30,0,0,0,0,0,0,3,14,62,26,0,1,0,0,78,0,814
Uttar Pradesh,Mainpuri,57,116,23,0,23,142,15,4,0,34,57,476,0,85,0,0,0,85,75,0,2,0,0,0,0,171,37,69,0,0,0,0,0,296,0,2469
Uttar Pradesh,Mathura,86,147,73,10,63,191,32,10,2,89,110,1159,0,190,0,0,0,190,267,0,7,0,0,0,4,245,48,114,14,1,6,0,0,390,0,4779
Uttar Pradesh,Mau,28,66,25,3,22,88,0,0,0,23,67,226,0,93,0,0,4,84,101,0,3,0,0,0,8,227,16,51,11,0,4,0,0,86,0,1476
Uttar Pradesh,Meerut,226,308,93,32,60,438,0,18,0,341,279,3550,0,294,8,0,0,283,431,0,6,0,0,0,0,24,53,412,179,0,56,0,0,700,0,10073
Uttar Pradesh,Mirzapur,25,4,19,3,16,12,0,0,0,5,19,45,0,1,0,0,0,1,0,43,2,0,0,0,4,89,26,10,10,0,0,0,0,67,0,780
Uttar Pradesh,Moradabad,90,80,89,21,68,190,0,13,0,66,120,788,0,78,0,0,0,78,221,0,1,0,0,0,0,51,36,189,104,0,26,0,0,193,0,4026
Uttar Pradesh,Muzaffarnagar,137,157,37,17,20,242,0,3,1,95,36,800,0,136,0,0,0,135,145,0,1,0,0,0,8,13,17,148,51,4,14,0,0,227,0,3952
Uttar Pradesh,Pilibhit,54,38,69,6,63,128,1,4,0,29,52,200,0,13,0,0,0,13,123,0,1,0,0,0,0,2,25,107,15,0,2,0,0,235,0,2916
Uttar Pradesh,Pratapgarh,72,136,68,13,49,248,0,6,0,53,159,431,0,200,0,0,0,200,185,0,2,0,0,0,11,306,21,165,125,0,8,0,0,172,0,4128
Uttar Pradesh,Raibareilly,50,44,48,0,48,113,0,3,1,15,82,195,0,60,0,0,0,60,67,0,0,0,0,0,1,144,27,69,0,0,2,0,0,103,0,2053
Uttar Pradesh,Rampur,54,77,34,0,34,100,0,5,0,25,53,344,0,34,0,0,2,32,122,0,2,0,0,0,0,0,18,54,54,0,0,0,0,215,0,1950
Uttar Pradesh,Saharanpur,92,91,73,17,54,273,0,8,0,110,106,793,2,205,35,0,0,167,214,0,3,0,0,0,0,20,28,167,64,2,25,0,0,161,0,4184
Uttar Pradesh,Sambhal,73,80,48,23,25,146,0,9,1,45,56,293,0,68,0,0,0,66,87,0,0,0,0,0,0,29,26,72,64,0,3,0,0,95,0,2087
Uttar Pradesh,Sant Kabirnagar,28,3,23,5,18,39,0,1,0,10,23,59,0,22,0,0,0,22,30,0,0,0,0,0,0,146,11,25,22,0,0,0,0,61,0,727
Uttar Pradesh,Shahjahanpur,88,136,83,4,79,210,15,4,0,62,59,281,0,42,0,0,0,36,118,0,2,0,0,0,4,282,61,181,176,0,0,0,0,245,0,3106
Uttar Pradesh,Shamli,67,76,32,14,18,100,0,5,0,54,49,329,0,103,0,0,0,100,73,0,0,0,0,0,0,43,18,58,43,0,7,0,0,58,0,1674
Uttar Pradesh,Shrawasti,15,10,5,1,4,40,0,0,0,5,35,49,0,16,0,0,0,16,65,0,0,0,0,0,0,165,9,31,6,0,0,0,0,28,0,801
Uttar Pradesh,Sidharthnagar,17,13,20,3,17,58,0,2,0,16,48,62,0,25,0,0,0,25,15,0,2,0,0,0,0,1,20,27,24,0,2,0,0,34,0,773
Uttar Pradesh,Sitapur,91,45,74,0,74,216,0,2,0,40,84,384,0,65,0,0,0,65,78,0,1,0,0,0,3,125,46,163,155,0,0,0,0,162,0,3923
Uttar Pradesh,Sonbhadra,32,4,26,0,22,20,0,0,0,2,28,77,0,3,0,0,0,3,8,17,1,0,0,0,1,152,6,24,21,0,1,0,0,56,0,753
Uttar Pradesh,St.Ravidasnagar,17,2,19,1,18,34,0,0,0,8,40,73,0,1,0,0,0,1,28,0,0,0,0,0,0,55,23,12,11,0,0,0,0,44,0,574
Uttar Pradesh,Sultanpur,53,41,46,4,40,157,0,4,0,56,119,331,0,73,0,0,0,69,88,0,0,0,0,0,2,206,21,67,58,0,3,0,0,160,0,2421
Uttar Pradesh,Unnao,77,31,69,12,50,268,0,2,2,44,82,334,0,46,0,0,0,46,135,0,0,0,0,0,0,35,31,237,35,0,0,0,0,277,0,3438
Uttar Pradesh,Varanasi,52,52,47,4,39,166,0,0,0,46,126,706,2,79,0,0,0,76,393,0,5,0,0,0,1,209,42,176,124,1,24,0,0,184,0,3900
Uttar Pradesh,Total,5150,5223,3467,573,2705,12361,539,294,23,3920,6921,48380,52,6438,51,0,66,6197,10636,569,111,1,0,0,250,10867,2469,8605,4435,75,835,0,0,16199,4,240475
Uttarakhand,Almora,4,2,6,0,6,40,0,0,0,1,7,8,0,3,0,0,0,3,4,0,0,0,0,0,1,1,1,4,0,0,0,0,0,9,0,139
Uttarakhand,Bageshwar,5,1,3,0,3,0,0,0,0,0,5,6,0,0,0,0,0,0,3,0,0,0,0,0,0,1,0,4,0,0,0,0,0,3,1,77
Uttarakhand,Chamoli,3,2,4,0,4,7,0,0,0,1,7,8,0,3,0,0,0,3,3,0,0,0,0,0,0,2,1,9,0,0,0,0,0,0,0,126
Uttarakhand,Champawat,2,0,8,0,8,0,0,0,0,0,1,6,0,4,0,0,0,4,5,0,0,0,0,0,0,2,0,5,0,0,0,0,0,0,0,96
Uttarakhand,Dehradun,26,23,55,0,55,69,4,3,1,39,104,439,0,99,0,0,0,93,127,92,6,0,0,0,2,34,10,80,15,0,3,0,0,173,1,2178
Uttarakhand,Haridwar,73,69,73,0,73,241,0,11,0,70,66,562,0,160,2,0,0,158,174,0,2,0,0,0,0,43,0,99,0,0,0,0,0,139,1,2505
Uttarakhand,Nainital,28,18,36,0,36,160,0,1,0,5,35,157,0,47,0,0,0,29,36,9,1,0,0,0,2,20,5,38,7,1,4,0,0,133,0,1095
Uttarakhand,Pauri Garhwal,6,1,8,0,8,62,0,0,0,3,10,37,0,11,0,0,0,11,14,0,1,0,0,0,0,7,7,12,0,0,0,0,0,11,1,278
Uttarakhand,Pithoragarh,4,2,8,0,8,11,0,0,0,2,8,10,0,12,0,0,4,8,2,1,1,0,0,0,0,2,3,9,0,0,0,0,0,5,0,117
Uttarakhand,Rudra Prayag,4,1,4,0,4,7,0,0,0,1,14,10,0,5,0,0,0,5,3,0,0,0,0,0,0,3,1,9,0,0,0,0,0,5,0,97
Uttarakhand,Tehri Garhwal,6,2,7,0,7,13,0,0,0,1,4,19,0,5,0,0,0,5,9,0,0,0,0,0,3,9,0,0,0,0,0,0,0,0,0,122
Uttarakhand,Udhamsingh Nagar,55,50,49,1,48,66,0,4,0,31,53,468,0,109,0,0,0,109,6,98,0,0,0,0,0,56,10,67,0,0,0,0,0,0,0,2234
Uttarakhand,Uttarkashi,2,0,9,0,9,15,0,0,0,1,9,7,0,8,0,0,0,8,4,0,0,0,0,0,0,1,0,7,0,0,0,0,0,7,0,92
Uttarakhand,Total,218,171,270,1,269,691,4,19,1,155,323,1737,0,466,2,0,4,436,390,200,11,0,0,0,8,181,38,343,22,1,7,0,0,485,4,9156
West Bengal,North 24 Parganas,141,691,227,26,201,728,0,8,0,42,3,1354,0,330,0,0,0,330,323,4,24,0,0,0,44,1901,66,319,0,0,0,0,0,441,0,14867
West Bengal,South 24 Parganas,248,280,341,16,325,749,0,33,1,43,135,1523,26,2164,100,92,0,1818,542,21,10,0,0,0,30,795,53,313,110,0,64,0,0,739,0,21049
West Bengal,Alipurduar,49,40,118,0,118,176,0,4,0,2,5,654,10,10,0,0,0,9,85,0,2,0,0,0,4,19,2,83,18,3,7,0,131,0,0,3355
West Bengal,Asansol-Durgapur PC,52,165,58,0,58,134,3,5,0,12,10,642,0,185,0,0,0,185,153,76,2,0,0,0,10,2,28,160,32,3,8,0,0,227,0,4738
West Bengal,Bankura,75,106,79,2,76,71,0,5,0,32,11,241,0,162,0,1,0,92,74,12,1,0,0,0,22,50,18,121,18,0,1,0,0,173,0,3049
West Bengal,Barrackpur PC,86,199,77,3,74,354,1,3,0,13,0,1220,0,73,0,0,1,71,506,20,17,0,0,0,1,940,21,201,58,1,5,0,0,498,1,8087
West Bengal,Bidhannagar PC,18,12,24,1,23,102,1,1,0,8,7,568,0,63,0,6,0,35,228,138,4,0,0,0,2,111,6,97,49,0,5,0,0,168,0,3014
West Bengal,Birbhum,110,198,82,6,76,125,2,11,1,43,13,385,173,235,0,0,0,227,137,3,6,0,0,0,14,665,8,99,22,2,1,0,0,169,1,3749
West Bengal,Burdwan,133,461,121,1,120,241,0,7,0,28,5,732,0,269,0,0,1,268,392,0,5,0,0,0,40,223,12,273,75,16,0,0,0,297,0,7694
West Bengal,Coochbehar,80,134,141,4,137,416,1,0,0,8,6,387,145,59,0,0,0,52,110,26,3,0,0,0,57,802,21,151,15,0,2,0,0,155,1,5142
West Bengal,Dakshin Dinajpur,44,158,64,0,64,206,1,1,0,4,2,200,15,10,0,0,0,9,51,7,4,0,0,0,8,396,13,51,2,0,0,0,0,157,1,2372
West Bengal,Darjeeling,29,39,60,3,57,65,2,0,0,9,3,368,7,7,0,0,0,7,47,11,1,0,0,0,17,402,0,95,5,0,3,0,0,198,4,2418
West Bengal,Hooghly,125,38,110,8,102,355,0,4,0,20,12,1076,0,376,0,7,0,343,592,20,28,0,0,0,66,75,34,226,38,2,4,0,0,431,0,8858
West Bengal,Howrah G. R. P.,82,246,77,3,74,181,2,2,0,9,22,284,114,127,0,0,0,127,143,11,2,0,0,0,26,835,5,181,48,4,5,0,0,269,12,5259
West Bengal,Howrah PC,43,28,43,2,41,202,0,2,0,29,9,1126,7,32,0,0,0,28,375,17,15,0,0,0,15,330,4,318,124,1,17,0,0,401,0,6273
West Bengal,Howrah Rural,11,6,3,0,3,5,0,4,0,2,0,288,4,1,0,0,0,1,10,1,3,0,0,0,0,0,1,13,0,1,1,0,0,1,0,445
West Bengal,Jalpaiguri,57,60,129,6,123,218,0,0,0,9,6,764,0,11,0,0,0,5,30,18,6,0,0,5,5,42,16,199,71,0,0,0,0,198,0,3832
West Bengal,Jhargram Police District,28,11,29,0,29,25,1,1,0,4,9,113,3,26,1,0,1,21,15,0,0,0,0,0,4,39,3,70,8,0,1,0,0,44,0,803
West Bengal,Kharagpur G. R. P.,7,0,0,0,0,3,0,0,0,2,0,155,1,2,0,0,0,2,3,0,0,0,0,0,0,1,0,6,0,0,1,0,0,5,1,213
West Bengal,Kolkata,83,102,154,8,146,423,3,4,0,33,66,4623,114,316,0,0,0,316,2027,0,24,0,0,0,0,917,12,585,134,25,119,3,0,4358,15,26668
West Bengal,Malda,102,664,252,20,232,340,4,9,1,26,7,429,64,46,0,0,0,43,114,0,82,0,0,0,41,1313,31,331,21,1,0,0,0,188,4,6432
West Bengal,Murshidabad,158,2249,474,23,451,596,12,2,0,19,3,947,4,84,0,0,0,84,182,52,59,0,0,0,31,3813,36,526,69,2,4,0,0,459,6,14762
West Bengal,Nadia,166,654,204,10,194,463,0,13,1,41,1,1017,0,133,0,0,0,133,380,7,34,0,0,0,13,1106,50,192,0,0,0,1,0,416,0,11790
West Bengal,Paschim Medinipur,104,264,91,12,79,208,0,3,0,47,6,745,87,243,4,0,0,176,111,26,1,0,0,0,14,89,21,558,0,0,0,0,0,377,0,5791
West Bengal,Purab Medinipur,100,81,112,8,104,317,10,6,0,25,7,544,6,434,1,0,0,433,119,40,6,0,0,0,30,15,27,159,36,1,5,1,0,440,7,6778
West Bengal,Purulia,72,61,72,6,66,54,2,5,0,17,4,190,0,71,0,1,0,64,30,9,1,0,0,0,9,238,4,142,0,0,0,0,0,63,0,1800
West Bengal,Sealdah G. R. P.,23,11,7,1,6,20,0,0,0,0,0,346,47,5,0,0,0,5,10,0,0,0,0,0,0,59,1,46,0,0,0,0,0,0,0,655
West Bengal,Siliguri G. R. P.,8,2,1,0,1,4,0,1,0,1,0,148,0,0,0,0,0,0,0,0,1,0,0,0,0,0,0,9,2,0,3,0,0,0,0,220
West Bengal,Siliguri PC,46,49,72,0,72,154,0,0,0,15,3,1125,34,6,0,0,0,3,289,45,8,0,0,0,4,265,2,165,115,0,0,0,0,317,0,4623
West Bengal,Uttar Dinajpur,90,346,187,15,172,350,8,9,1,63,4,721,72,29,1,0,0,24,161,6,10,0,0,0,47,2793,9,157,7,1,6,0,0,491,8,8312
West Bengal,Total,2370,7355,3409,184,3224,7285,53,143,5,606,359,22915,933,5509,107,107,3,4911,7239,570,359,0,0,5,554,18236,504,5846,1077,63,262,5,131,11680,61,193048
A&N Islands,South Andaman,5,10,19,0,19,14,0,0,0,2,53,35,1,10,0,0,0,10,66,3,1,0,0,0,3,20,3,27,8,1,4,0,0,152,0,556
A&N Islands,North & Middle Andaman,2,1,11,1,10,8,0,0,0,0,8,10,0,0,0,0,0,0,5,0,0,0,0,0,1,9,0,14,10,0,0,0,0,39,0,159
A&N Islands,Nicobar,1,0,2,0,2,0,0,0,0,0,3,0,0,0,0,0,0,0,0,1,0,0,0,0,1,0,0,0,0,0,0,0,0,7,0,31
A&N Islands,Total,8,11,32,1,31,22,0,0,0,2,64,45,1,10,0,0,0,10,71,4,1,0,0,0,5,29,3,41,18,1,4,0,0,198,0,746
Chandigarh,Chandigarh,24,33,59,0,59,187,0,6,0,65,134,1260,0,33,0,0,0,27,247,4,0,0,0,0,13,19,2,87,31,2,10,0,0,277,0,3221
Chandigarh,Total,24,33,59,0,59,187,0,6,0,65,134,1260,0,33,0,0,0,27,247,4,0,0,0,0,13,19,2,87,31,2,10,0,0,277,0,3221
D&N Haveli,D&N Haveli,4,1,5,0,5,14,0,0,0,2,15,38,0,6,0,0,0,6,22,0,1,0,0,0,5,13,0,2,0,0,0,0,0,34,0,277
D&N Haveli,Total,4,1,5,0,5,14,0,0,0,2,15,38,0,6,0,0,0,6,22,0,1,0,0,0,5,13,0,2,0,0,0,0,0,34,0,277
Daman & Diu,Daman,6,4,2,0,2,10,0,0,0,5,21,29,0,4,0,0,0,4,36,3,0,0,0,0,0,13,0,2,2,0,0,0,0,15,0,198
Daman & Diu,Diu,1,2,0,0,0,0,0,0,0,0,0,2,0,0,0,0,0,0,2,1,0,0,0,0,0,2,0,1,1,0,0,0,0,10,0,35
Daman & Diu,Total,7,6,2,0,2,10,0,0,0,5,21,31,0,4,0,0,0,4,38,4,0,0,0,0,0,15,0,3,3,0,0,0,0,25,0,233
Delhi UT,Central,30,44,91,3,88,305,0,4,0,288,576,4124,0,6,0,0,0,6,287,14,1,0,0,0,0,40,7,212,54,0,26,0,0,416,0,8932
Delhi UT,Crime Branch,0,3,1,0,1,1,0,0,0,0,0,0,0,0,0,0,0,0,35,0,4,0,0,0,0,0,0,1,0,0,1,0,0,0,0,52
Delhi UT,East,61,93,230,17,213,678,0,2,0,789,999,9437,0,24,1,0,0,23,528,12,1,1,0,0,19,37,15,446,171,5,91,0,0,846,0,18642
Delhi UT,EOW,0,0,0,0,0,0,0,0,0,0,0,0,0,0,0,0,0,0,45,33,0,0,0,0,0,0,0,2,0,0,2,0,0,0,0,85
Delhi UT,IGI Airport,1,0,0,0,0,3,0,0,0,3,1,157,0,0,0,0,0,0,14,169,0,0,0,0,0,1,0,12,3,0,2,0,0,27,0,453
Delhi UT,Metro,0,3,1,0,1,10,0,0,0,4,2,2198,0,1,0,0,0,1,17,0,0,0,0,0,1,2,0,28,5,0,2,0,0,1,0,2309
Delhi UT,New Delhi,6,8,20,2,18,44,0,0,0,63,53,1252,0,22,0,0,0,16,109,91,52,0,0,0,8,4,2,56,25,1,14,0,0,392,0,2421
Delhi UT,North,31,28,60,9,51,279,0,9,0,353,653,4309,0,14,0,0,0,12,317,0,2,0,0,0,11,28,6,180,42,1,16,0,0,514,0,8201
Delhi UT,North-East,84,110,237,17,220,1047,0,14,0,1286,1049,8185,0,25,0,0,0,25,353,0,0,0,0,0,19,71,27,492,171,4,47,0,0,656,0,16904
Delhi UT,North-West,48,81,165,9,156,663,0,13,0,734,935,7341,0,8,0,0,0,8,389,5,2,0,0,0,10,93,14,404,109,3,61,0,0,631,0,13251
Delhi UT,Outer,87,89,259,1,258,1198,0,11,0,1009,1842,10031,0,13,0,0,0,13,431,6,1,0,0,0,31,75,22,428,133,4,52,0,0,967,1,20320
Delhi UT,RAILWAY,10,4,1,1,0,38,0,1,0,62,0,1455,0,3,0,0,0,3,6,0,0,0,0,0,0,6,0,19,15,2,2,0,0,5,0,1816
Delhi UT,South,40,58,280,18,262,627,0,2,0,496,1249,8670,0,16,0,0,0,0,563,7,3,0,0,0,32,82,6,595,150,0,0,0,1,1215,1,17371
Delhi UT,South-East,67,83,266,20,246,683,0,11,1,394,1065,7557,0,20,0,0,0,20,430,7,1,0,0,0,20,109,24,469,85,2,74,0,0,1124,0,14914
Delhi UT,South-West,66,88,234,23,211,719,0,10,0,403,913,4632,0,5,0,0,0,5,519,9,1,0,0,0,21,66,17,494,86,4,99,0,0,982,1,11320
Delhi UT,Spl Cell,0,1,0,0,0,0,0,0,0,0,0,1,0,0,0,0,0,0,3,0,5,0,0,0,0,0,0,0,0,0,0,0,0,0,0,14
Delhi UT,SPUWAC,0,0,0,0,0,0,0,0,0,0,0,0,0,0,0,0,0,0,0,0,0,0,0,0,0,0,0,0,0,0,0,0,0,0,0,161
Delhi UT,Vigilance,0,0,0,0,0,0,0,0,0,0,0,0,0,0,0,0,0,0,0,0,0,0,0,0,0,0,0,0,0,0,0,0,0,0,0,0
Delhi UT,West,55,77,251,27,224,848,0,5,0,580,972,9404,0,3,0,0,0,3,555,6,1,0,0,0,18,76,13,484,137,8,52,0,0,984,10,18488
Delhi UT,Total,586,770,2096,147,1949,7143,0,82,1,6464,10309,78753,0,160,1,0,0,135,4601,359,74,1,0,0,190,690,153,4322,1186,34,541,0,1,8760,13,155654
Lakshadweep,Lakshadweep,0,0,1,0,1,0,0,0,0,0,10,15,2,9,0,0,0,0,0,2,0,0,0,0,5,1,0,1,0,0,0,0,0,1,0,81
Lakshadweep,Total,0,0,1,0,1,0,0,0,0,0,10,15,2,9,0,0,0,0,0,2,0,0,0,0,5,1,0,1,0,0,0,0,0,1,0,81
Puducherry,Karaikal,6,1,3,0,3,1,0,1,0,1,18,33,1,5,0,0,0,4,4,5,0,0,0,0,0,8,0,12,4,0,0,0,1,199,0,671
Puducherry,Puducherry,19,14,7,1,5,12,0,2,1,5,43,391,17,34,13,0,1,12,55,8,0,0,0,0,1,97,1,20,8,1,1,0,0,974,0,2913
Puducherry,Total,25,15,10,1,8,13,0,3,1,6,61,424,18,39,13,0,1,16,59,13,0,0,0,0,1,105,1,32,12,1,1,0,1,1173,0,3584
