States/UTs,District,Murder,Rape_total,Kidnapping & Abduction_Total,Dacoity_total,Robbery,Criminal Trespass/Burglary,Theft,Unlawful Assembly,Riots,Cheating,Forgery,Counterfeit_Total,Arson,Grievous Hurt,Dowry Deaths,Assault on Women with intent to outrage her Modesty,Sexual Harassment,Stalking,Importation of Girls from Foreign Country,Disclosure of Identity of Victims,Incidence of Rash Driving,HumanTrafficking,Total Cognizable IPC crimes
Andhra Pradesh,Anantapur,134,105,125,12,30,415,753,0,214,296,0,30,12,25,25,436,82,80,0,0,1038,0,8376
Andhra Pradesh,Chittoor,84,96,38,24,22,195,528,0,134,207,0,15,23,18,17,135,0,0,0,0,249,0,5374
Andhra Pradesh,Cuddapah,80,84,27,6,16,144,638,0,104,163,0,15,0,39,16,215,212,0,0,0,948,0,5803
Andhra Pradesh,East Godavari,64,255,66,6,24,346,903,0,27,214,0,66,50,44,7,519,159,55,0,0,39,0,7630
Andhra Pradesh,Guntakal Railway,14,0,0,4,4,0,413,0,1,5,0,15,0,0,0,0,0,0,0,0,1,0,490
Andhra Pradesh,Guntur,105,147,64,10,24,210,711,0,78,328,16,15,52,37,16,245,17,8,0,0,846,0,6897
Andhra Pradesh,Guntur Urban,51,120,84,10,31,173,1045,0,8,531,22,6,35,29,12,160,0,0,0,0,691,0,5798
Andhra Pradesh,Krishna,51,240,41,0,15,302,521,0,9,242,0,33,23,39,8,354,98,76,0,0,70,0,7078
Andhra Pradesh,Kurnool,118,96,53,6,28,244,563,0,108,639,0,12,33,9,12,403,81,40,0,0,1313,0,8398
Andhra Pradesh,Nellore,78,174,153,16,44,381,1058,0,84,239,32,6,45,31,14,295,79,32,0,0,1173,1,8175
Andhra Pradesh,Prakasham,75,150,50,10,23,247,617,31,124,261,48,3,28,18,8,197,24,13,0,0,785,0,6367
Andhra Pradesh,Rajahmundry,18,105,15,6,14,214,361,0,16,105,7,9,13,23,3,121,37,17,0,0,394,0,2430
Andhra Pradesh,Srikakulam,30,120,33,0,8,152,236,0,17,153,10,3,18,67,3,214,26,22,0,0,895,0,4727
Andhra Pradesh,Tirupathi Urban,35,54,24,4,8,227,1148,0,31,248,0,21,11,3,13,60,2,5,0,0,429,0,3651
Andhra Pradesh,Vijayawada City,23,192,42,6,48,345,2016,25,2,391,46,36,21,25,10,279,40,91,0,0,1366,1,7876
Andhra Pradesh,Vijayawada Railway,1,0,3,0,7,0,1085,0,0,7,0,117,0,0,2,8,4,0,0,0,0,0,1223
Andhra Pradesh,Visakha Rural,43,114,24,10,5,88,179,0,14,90,2,12,23,33,4,129,35,6,0,0,507,0,3028
Andhra Pradesh,Visakhapatnam,38,252,130,8,46,392,1358,0,3,413,3,21,14,64,13,147,50,27,0,0,1831,0,7728
Andhra Pradesh,Vizianagaram,43,141,27,4,4,176,388,0,13,149,0,3,13,41,8,225,0,0,0,0,913,0,5013
Andhra Pradesh,West Godavari,90,438,67,9,32,468,1096,3,26,410,13,42,36,52,24,405,126,32,0,0,1165,0,8542
Andhra Pradesh,Total,1175,2883,1066,151,433,4719,15617,59,1013,5091,199,480,450,597,215,4547,1072,504,0,0,14653,2,114604
Arunachal Pradesh,Anjaw,0,0,1,0,0,6,2,0,1,1,0,0,0,2,0,1,1,0,0,0,0,0,29
Arunachal Pradesh,Changlang,9,18,11,2,5,18,50,0,1,0,0,0,1,15,0,0,0,0,0,0,9,0,180
Arunachal Pradesh,Crime Branch,0,0,0,0,0,0,0,0,0,3,0,0,0,0,0,0,0,0,0,0,0,0,4
Arunachal Pradesh,Dibang Valley,0,3,0,0,0,0,0,0,0,0,0,0,0,0,0,0,0,0,0,0,0,0,4
Arunachal Pradesh,Kameng East,4,3,7,4,4,8,18,0,0,3,1,0,2,18,0,6,0,0,0,0,0,0,148
Arunachal Pradesh,Kameng West,7,0,3,2,3,4,21,0,8,3,0,0,5,8,0,9,8,1,0,0,15,0,140
Arunachal Pradesh,Kukung Kumey,4,9,2,0,0,5,5,0,1,0,0,0,1,10,0,1,0,0,0,0,2,0,49
Arunachal Pradesh,Lohit,10,21,25,2,8,32,39,0,3,5,0,3,2,16,0,13,0,0,0,0,0,0,280
Arunachal Pradesh,Longding,4,9,9,2,1,9,5,1,0,0,0,0,0,13,0,3,1,0,0,0,0,0,92
Arunachal Pradesh,Lower Dibang Valley,2,9,4,2,1,10,21,0,0,2,0,0,0,10,0,0,0,0,0,0,4,0,75
Arunachal Pradesh,Papum Pare City,13,96,52,0,11,36,154,0,6,49,7,0,3,42,1,26,1,0,0,0,29,0,661
Arunachal Pradesh,Papum Pare Rural,7,0,7,4,3,6,20,0,2,2,1,0,0,9,0,4,0,0,0,0,0,0,96
Arunachal Pradesh,Siang East,5,33,4,0,3,20,49,5,0,5,1,0,9,23,0,21,8,0,0,0,14,0,245
Arunachal Pradesh,Siang Upper,1,3,0,2,0,8,8,0,0,1,0,0,1,2,0,1,0,0,0,0,0,0,40
Arunachal Pradesh,Siang West,10,18,2,0,4,18,29,0,4,13,2,0,2,30,0,11,0,0,0,0,13,0,249
Arunachal Pradesh,Subansiri Lower,4,3,7,2,10,22,18,0,3,6,0,0,6,22,0,6,0,0,0,0,0,0,160
Arunachal Pradesh,Subansiri Upper,3,15,2,2,5,11,33,0,4,5,2,0,7,19,0,16,0,0,0,0,16,0,234
Arunachal Pradesh,Tawang,1,0,0,0,0,2,14,0,0,0,0,0,0,2,0,1,0,0,0,0,0,0,40
Arunachal Pradesh,Tirap,2,9,10,0,3,9,12,0,0,5,0,0,0,6,0,2,2,0,0,0,0,0,117
Arunachal Pradesh,Total,86,249,146,24,61,224,498,6,33,103,14,3,39,247,1,121,21,1,0,0,102,0,2843
Assam,Barpeta,46,429,379,18,5,357,448,133,306,260,8,42,38,424,21,556,198,0,0,0,309,0,9056
Assam,Baska,31,78,41,10,16,42,124,0,0,26,0,0,29,115,4,27,0,0,0,0,31,0,853
Assam,Bongaigaon,17,93,51,6,12,84,190,0,15,55,0,3,11,98,4,8,0,0,0,0,85,0,1789
Assam,Cachar,58,243,249,18,24,274,756,0,202,97,0,12,55,45,14,50,0,0,0,0,404,0,5640
Assam,Chirang,37,87,58,7,6,39,95,0,19,33,1,0,17,85,7,33,0,0,0,0,0,0,863
Assam,Darrang,33,333,208,12,17,174,363,0,82,211,3,0,38,447,11,453,33,0,0,0,236,2,3901
Assam,Dhemaji,18,135,84,6,15,26,106,0,0,52,0,3,5,136,3,51,3,0,0,0,25,5,1068
Assam,Dhubri,58,579,420,48,21,280,432,265,531,272,0,9,82,1708,10,193,0,0,0,0,0,0,7153
Assam,Dibrugarh,77,201,163,12,43,150,826,2,12,40,2,6,23,330,5,105,0,0,0,0,0,0,3108
Assam,G. R. P.,9,3,10,6,2,2,187,0,5,2,0,0,0,0,0,0,0,0,0,0,0,0,319
Assam,Goalpara,44,324,218,42,23,243,266,0,52,137,0,0,28,360,8,121,0,0,0,0,0,2,2623
Assam,Golaghat,88,222,238,24,41,87,365,34,29,37,7,3,32,448,7,74,0,0,0,0,0,4,2932
Assam,Guwahati City,84,300,455,43,247,924,3095,18,155,449,31,24,50,179,11,143,50,0,0,0,447,0,12216
Assam,Hailakandi,24,231,104,7,3,93,178,0,287,44,0,0,9,13,4,23,0,0,0,0,0,0,1940
Assam,Jorhat,30,108,94,16,76,145,518,0,7,169,0,0,22,259,6,157,0,0,0,0,325,0,3732
Assam,Kamrup,65,231,164,28,63,274,727,1,0,101,10,8,12,45,1,15,0,0,0,0,304,4,2785
Assam,Karbi Anglong,38,69,78,6,10,2,181,6,6,29,2,6,0,95,0,26,0,0,0,0,16,11,960
Assam,Karimganj,33,225,119,36,8,220,199,237,57,82,15,6,29,209,13,10,0,0,0,0,123,0,2827
Assam,Kokrajhar,60,135,106,10,7,46,229,0,10,35,0,12,35,80,3,47,0,0,1,0,0,0,1419
Assam,Lakhimpur,40,201,150,2,7,137,236,0,37,115,0,0,6,35,4,55,0,0,0,0,68,0,2872
Assam,Morigaon,28,243,174,16,12,93,234,88,130,127,0,6,17,222,7,328,0,0,0,0,118,16,2557
Assam,N. C. Hills,76,18,30,0,5,17,46,0,4,4,0,0,2,19,0,0,0,0,0,0,0,0,299
Assam,Nagaon,104,561,454,111,127,455,735,14,485,175,14,0,98,909,22,350,174,0,0,0,331,6,8399
Assam,Nalbari,27,123,116,36,114,145,225,0,23,43,0,3,8,32,0,0,0,0,0,0,0,0,2122
Assam,Sibsagar,80,132,222,6,42,196,599,19,31,95,0,24,29,811,6,153,0,0,0,0,0,0,4236
Assam,Sonitpur,110,336,222,8,27,282,566,0,90,146,3,6,31,227,5,20,0,0,0,0,229,13,3906
Assam,Tinsukia,90,198,143,14,45,106,679,17,47,96,3,3,16,109,3,66,0,0,0,0,151,4,3309
Assam,Udalguri,46,102,73,6,20,61,132,0,18,24,0,9,21,143,9,35,0,0,0,0,0,1,1453
Assam,Total,1451,5940,4823,554,1038,4954,12737,834,2640,2956,99,185,743,7583,188,3099,458,0,1,0,3202,68,94337
Bihar,Araria,53,105,85,32,28,49,310,6,306,108,18,0,11,26,17,1,0,0,0,0,52,0,3898
Bihar,Arwal,25,18,26,10,8,51,78,3,82,42,12,0,3,25,11,4,1,0,0,0,45,3,991
Bihar,Aurangabad,74,36,86,67,27,104,352,8,250,122,28,9,12,199,28,29,25,1,0,0,247,4,3079
Bihar,Bagaha,21,42,76,4,8,26,147,0,123,33,0,3,2,8,7,38,25,1,0,0,18,0,1860
Bihar,Banka,59,66,73,22,19,41,143,0,195,10,0,0,17,327,23,3,0,0,0,0,87,0,2505
Bihar,Begusarai,121,90,209,66,60,145,598,9,461,89,38,4,24,79,28,37,2,3,0,0,258,0,5196
Bihar,Bettiah,75,99,115,14,11,121,497,0,508,155,0,15,19,10,39,0,0,0,0,0,68,0,4712
Bihar,Bhabhua,56,36,86,16,21,79,344,0,97,49,0,0,13,5,12,0,0,0,0,0,98,0,2267
Bihar,Bhagalpur,102,156,213,29,42,225,677,0,348,87,109,2,10,2,20,31,16,2,0,0,140,1,4763
Bihar,Bhojpur,116,96,151,30,23,224,520,10,205,426,130,0,41,611,46,7,2,0,0,0,126,0,5488
Bihar,Buxar,56,48,87,12,32,100,438,0,358,36,0,0,10,260,24,13,13,0,0,0,91,0,3284
Bihar,Darbhanga,71,150,289,24,36,145,585,0,621,120,0,0,28,373,30,8,8,0,0,0,140,0,5368
Bihar,Gaya,145,144,248,105,77,209,1366,0,543,73,27,0,5,907,63,0,0,0,0,0,419,3,7232
Bihar,Gopalganj,87,42,172,20,36,79,276,0,398,153,26,0,18,299,33,0,0,0,0,0,0,0,3879
Bihar,Jamalpur Railway,9,0,4,7,3,2,195,0,1,2,0,0,0,0,0,3,3,0,0,0,0,0,298
Bihar,Jamui,61,69,70,16,33,54,124,0,133,23,23,0,3,79,21,10,0,0,0,0,77,0,1699
Bihar,Jehanabad,38,30,84,18,30,40,215,0,202,36,0,0,11,723,22,0,0,0,0,0,71,0,1968
Bihar,Katihar,70,195,144,34,33,84,447,0,238,71,13,0,4,169,14,0,0,0,0,0,108,2,3415
Bihar,Katihar Railway,10,0,3,2,8,4,182,0,4,4,0,0,1,4,0,11,3,0,0,0,0,3,313
Bihar,Khagaria,52,42,118,20,19,31,165,0,172,72,7,0,19,136,17,2,2,0,0,0,83,0,2589
Bihar,Kishanganj,46,192,122,16,12,52,261,0,171,75,3,0,13,298,12,22,1,0,0,0,59,5,1982
Bihar,Lakhisarai,46,30,66,13,20,21,181,11,193,39,14,0,10,60,8,63,43,0,0,0,75,14,1728
Bihar,Madhepura,44,30,78,10,37,43,185,21,225,37,71,0,10,35,8,8,8,0,0,0,76,0,2426
Bihar,Madhubani,74,123,199,48,33,124,410,0,406,35,40,0,4,323,34,9,9,0,0,0,127,3,5113
Bihar,Motihari,146,93,262,47,25,240,660,0,944,130,0,12,25,800,75,0,0,0,0,0,0,0,9490
Bihar,Munger,46,33,52,11,28,51,199,0,195,62,20,0,16,7,8,5,3,0,0,0,63,0,1778
Bihar,Muzaffarpur,185,132,444,56,134,281,2097,0,659,330,0,570,24,2943,178,166,83,0,5,0,0,0,9373
Bihar,Muzaffarpur Railway,18,6,9,8,1,4,316,0,7,0,14,0,0,6,2,1,0,0,0,0,2,0,596
Bihar,Nalanda,107,87,207,18,58,95,464,0,328,157,5,0,15,630,59,4,0,0,0,0,371,0,6871
Bihar,Naugachia,37,30,54,8,16,17,76,0,84,25,0,0,3,10,10,3,3,0,0,0,44,0,1732
Bihar,Nawadah,84,66,94,14,61,61,269,0,338,48,31,0,6,269,22,10,10,0,0,0,108,0,3408
Bihar,Patna,317,258,752,90,177,661,3952,0,636,1193,0,10,2,4572,83,0,0,0,0,0,0,0,19804
Bihar,Patna Railway,23,3,8,10,10,1,803,0,5,14,0,3,0,1,5,13,0,0,0,0,0,0,1216
Bihar,Purnea,75,198,174,18,37,80,449,292,321,222,47,0,2,235,26,30,0,0,0,0,78,2,5723
Bihar,Rohtas,115,66,161,24,31,185,726,0,294,137,17,0,11,1468,54,0,0,0,0,0,139,0,5197
Bihar,Saharsa,41,42,115,2,27,46,289,0,549,148,0,3,5,36,19,0,0,0,0,0,58,0,3189
Bihar,Samastipur,122,114,255,37,61,119,567,0,380,124,6,0,15,285,39,0,0,0,0,0,0,0,5664
Bihar,Saran,144,111,249,32,53,196,617,0,442,211,0,2,36,424,83,0,0,0,0,0,0,0,5586
Bihar,Sheikhpura,26,15,51,8,11,36,113,0,136,93,0,0,12,72,6,18,1,0,0,0,0,0,1325
Bihar,Sheohar,13,24,33,10,9,22,89,0,62,22,3,0,1,9,6,16,10,0,0,0,12,0,778
Bihar,Sitamarhi,91,33,220,42,63,165,579,0,345,16,68,0,37,101,29,0,0,0,0,0,88,4,5453
Bihar,Siwan,103,51,198,24,57,127,549,0,425,100,185,0,3,378,64,7,0,0,0,0,0,0,5003
Bihar,Supaul,64,96,132,12,23,49,274,0,573,72,12,0,11,37,22,0,0,0,0,0,57,0,3008
Bihar,Vaishali,135,84,296,26,62,185,1104,0,603,176,0,0,5,110,66,0,0,0,0,0,0,0,6337
Bihar,Economic Offences Unit,0,0,0,0,0,0,0,0,0,10,0,3,0,0,0,0,0,0,0,0,0,0,11
Bihar,Anti Terrorist Squad,0,0,0,0,0,0,0,0,0,0,0,0,0,0,0,0,0,0,0,0,0,0,0
Bihar,Total,3403,3381,6570,1132,1600,4674,22888,360,13566,5187,967,636,517,17351,1373,572,271,7,5,0,3485,44,177595
Chhattisgarh,Balod,17,102,27,0,4,77,110,0,24,23,0,0,13,13,4,62,16,9,0,0,0,1,1479
Chhattisgarh,Balodbazar,33,120,119,2,19,186,235,0,57,9,0,0,19,845,8,95,84,0,0,0,417,0,2578
Chhattisgarh,Balrampur,55,333,21,1,6,51,54,25,11,10,8,0,7,84,5,62,0,0,0,0,216,5,1333
Chhattisgarh,Bemetra,21,123,30,0,7,104,119,0,25,17,0,0,4,18,3,56,0,0,0,0,0,0,1645
Chhattisgarh,Bilaspur,72,282,216,1,49,378,488,0,87,58,7,3,31,112,13,211,49,15,0,0,178,0,4870
Chhattisgarh,Bizapur,38,18,12,6,0,18,8,0,0,5,0,0,4,9,0,2,1,1,0,0,69,0,343
Chhattisgarh,Dantewara,22,33,11,4,1,28,25,0,9,7,0,0,7,13,0,9,3,1,0,0,102,3,442
Chhattisgarh,Dhamtari,20,108,24,0,4,62,89,0,6,16,0,3,4,27,3,49,4,3,0,0,68,0,1300
Chhattisgarh,Durg,50,252,243,8,56,370,813,0,44,111,1,21,41,74,12,254,0,0,0,0,1060,3,6677
Chhattisgarh,Gariyaband,15,126,15,4,4,41,45,0,12,8,3,0,2,17,3,31,12,4,0,0,225,0,948
Chhattisgarh,G. R. P. Raipur,2,0,5,0,9,5,290,0,2,1,0,0,0,6,1,8,7,0,0,0,1,1,400
Chhattisgarh,Jagdalpur,45,96,40,18,5,81,101,0,16,13,0,0,7,552,1,42,42,0,0,0,0,0,1580
Chhattisgarh,Janjgir,48,192,144,5,20,203,243,0,102,45,0,0,17,82,20,141,54,2,0,0,506,2,3401
Chhattisgarh,Jashpur,55,258,71,6,16,63,75,0,9,19,0,0,5,57,0,48,48,0,0,0,272,18,1225
Chhattisgarh,Kabirdham,25,117,84,0,4,67,93,0,14,25,0,0,5,10,6,84,0,2,0,0,330,0,1573
Chhattisgarh,Kanker,47,120,47,2,5,67,97,0,22,18,0,0,9,19,5,37,0,0,0,0,46,0,1253
Chhattisgarh,Kondagaon,33,63,20,4,2,37,33,0,17,5,0,0,7,187,1,16,2,0,0,0,230,0,782
Chhattisgarh,Korba,37,204,53,8,22,161,240,0,33,35,33,3,11,46,6,83,5,5,0,0,528,3,2572
Chhattisgarh,Koriya,40,174,85,0,7,80,91,0,28,22,0,0,5,708,2,74,74,0,0,0,0,0,1707
Chhattisgarh,Mahasamund,22,132,87,3,9,163,223,0,39,37,2,9,2,36,10,99,1,0,0,0,393,0,2469
Chhattisgarh,Mungali,21,30,36,0,5,76,84,0,32,11,0,0,6,0,6,38,0,0,0,0,0,0,938
Chhattisgarh,Narayanpur,5,21,9,6,1,8,8,0,0,2,0,0,2,4,0,6,0,0,0,0,65,7,222
Chhattisgarh,Raigarh,74,363,96,12,21,150,331,0,81,37,0,9,15,820,7,140,140,0,0,0,0,0,3074
Chhattisgarh,Raipur,49,423,265,8,76,532,1557,0,82,273,0,9,31,107,3,224,48,16,0,0,1674,0,8306
Chhattisgarh,Rajnandgaon,33,171,113,4,20,143,264,0,34,72,0,6,12,15,4,100,27,10,0,0,721,0,3255
Chhattisgarh,Sarguja,61,282,51,0,16,82,124,31,0,26,0,0,12,61,4,76,15,1,0,0,338,0,1835
Chhattisgarh,Sukma,20,15,9,14,5,9,10,9,0,0,0,0,4,3,0,5,5,0,0,0,0,0,240
Chhattisgarh,Surajpur,38,150,81,6,12,5,248,0,23,25,5,0,15,36,1,70,12,3,0,0,320,0,1753
Chhattisgarh,Total,998,4308,2014,122,405,3247,6098,65,809,930,59,63,297,3961,128,2122,649,72,0,0,7759,43,58200
Goa,North Goa,20,165,93,16,13,231,733,23,95,152,5,24,30,82,0,146,38,16,0,0,398,1,2805
Goa,South Goa,14,111,59,10,19,141,368,9,38,86,4,6,11,32,0,53,10,8,0,0,209,0,1549
Goa,C. I. D.,0,9,0,0,0,0,53,0,0,22,0,15,0,0,0,3,2,1,0,0,0,13,112
Goa,Total,34,285,152,26,32,372,1154,32,133,260,9,45,41,114,0,202,50,25,0,0,607,14,4466
Gujarat,Ahmedabad City,82,300,367,38,261,500,2589,18,87,214,5,33,4,245,11,162,68,12,0,0,1756,2,15286
Gujarat,Ahmedabad Rural,27,54,84,18,17,57,221,13,40,17,1,3,9,65,0,31,4,0,0,0,484,1,4266
Gujarat,Amreli,26,21,72,0,17,78,93,8,23,9,2,6,0,61,0,21,0,0,0,0,305,0,1818
Gujarat,Anand,37,36,73,14,31,114,354,6,37,55,2,3,8,72,0,21,2,0,0,0,616,0,3415
Gujarat,Arvalli,28,15,37,8,5,67,85,2,6,3,0,3,2,19,0,19,19,0,0,0,2145,0,3841
Gujarat,Banaskantha,51,168,112,37,79,214,389,13,71,70,1,12,17,523,0,90,5,0,0,0,459,0,4464
Gujarat,Bharuch,47,126,64,20,29,142,406,6,53,3,0,12,3,89,0,49,15,8,0,0,438,0,2981
Gujarat,Bhavnagar,39,51,105,26,39,153,361,10,54,30,9,0,9,148,0,39,10,0,0,0,525,0,3589
Gujarat,Botad,13,33,27,4,4,25,57,2,9,3,3,3,2,44,0,11,0,0,0,0,110,0,783
Gujarat,Chhotaudepur,22,45,40,8,6,31,110,6,7,7,1,7,5,51,0,11,0,0,0,0,186,0,1144
Gujarat,C. I. D. Crime,2,0,0,0,0,0,0,0,0,6,0,0,0,0,0,0,0,0,0,0,0,0,8
Gujarat,Dahod,45,81,96,46,37,115,218,16,32,12,0,0,9,119,0,28,0,0,0,0,387,0,2594
Gujarat,Dang,10,12,4,0,0,8,12,0,4,5,1,3,0,12,1,6,0,0,0,0,0,0,283
Gujarat,Devbhumi Dwarka,9,9,18,2,6,38,47,3,24,10,4,3,0,32,0,14,0,0,0,0,199,0,1106
Gujarat,Gandhinagar,20,51,79,4,61,90,367,6,48,89,15,21,6,60,0,22,4,3,0,0,3327,0,7451
Gujarat,Gir Somnath,17,51,32,10,20,52,80,9,29,21,3,0,5,34,1,30,4,0,0,0,226,0,1405
Gujarat,Jamnagar,23,102,60,34,17,119,282,1,47,13,21,6,6,110,1,26,0,0,0,0,674,0,3752
Gujarat,Junagadh,13,63,70,10,25,81,150,5,40,14,0,24,15,29,0,42,0,1,0,0,481,0,2497
Gujarat,Kachchh East(G),35,93,66,7,23,137,345,4,46,33,8,0,2,70,0,34,9,0,0,0,733,0,3349
Gujarat,Kachchh West(B),16,54,35,4,15,106,237,5,58,65,16,12,4,53,0,27,26,0,0,0,415,0,2269
Gujarat,Kheda,22,36,80,18,5,56,173,6,34,25,15,0,3,115,0,29,2,2,0,0,747,0,3614
Gujarat,Mahisagar,18,30,25,6,4,53,32,3,11,4,1,3,5,26,0,15,7,1,0,0,128,0,1040
Gujarat,Mehsana,24,18,108,32,66,183,544,11,81,43,3,21,10,56,0,42,4,0,0,0,1215,0,6587
Gujarat,Morbi,31,27,29,12,6,41,177,5,19,2,0,3,4,36,3,17,0,0,0,0,981,0,2332
Gujarat,Narmada,12,24,15,0,0,15,40,1,10,2,0,3,1,41,0,21,21,0,0,0,139,0,664
Gujarat,Navsari,19,45,37,14,9,136,227,4,19,21,5,3,2,44,0,19,11,0,0,0,311,0,1730
Gujarat,Panchmahal,34,72,69,12,8,93,160,2,23,8,8,6,10,76,0,28,20,1,0,0,958,0,2634
Gujarat,Patan,17,75,53,28,25,85,261,3,28,34,8,12,4,81,1,51,0,0,0,0,279,0,2117
Gujarat,Porbandar,8,24,20,2,11,29,57,6,19,14,5,0,2,20,1,18,3,0,0,0,124,0,913
Gujarat,Rajkot City,43,51,99,14,91,176,835,14,61,18,3,9,11,92,0,31,5,0,0,0,626,0,3516
Gujarat,Rajkot Rural,24,90,69,14,24,104,211,5,44,14,4,6,12,49,1,36,12,1,0,0,836,0,2891
Gujarat,Sabarkantha,22,30,37,8,20,64,197,2,26,36,18,9,2,34,0,33,33,0,0,0,3119,0,5647
Gujarat,Surat City,85,282,263,30,30,257,1315,5,40,329,18,21,4,355,2,70,45,1,0,0,656,0,4397
Gujarat,Surat Rural,52,63,45,26,32,151,477,10,26,53,6,6,5,51,0,34,1,0,0,0,1042,0,3810
Gujarat,Surendranagar,34,66,44,17,15,88,232,7,55,11,3,3,13,133,0,36,7,0,0,0,472,0,2476
Gujarat,Tapi,13,45,13,5,3,34,112,2,12,5,11,3,3,23,0,9,0,0,0,0,170,0,986
Gujarat,Vadodara City,23,69,93,20,117,502,1242,17,60,195,9,12,8,106,1,109,46,21,0,0,2946,0,12651
Gujarat,Vadodara Rural,24,33,66,14,7,57,158,3,28,26,5,0,4,70,0,36,17,1,0,0,817,0,2896
Gujarat,Valsad,43,78,111,37,29,221,567,4,43,48,32,12,7,106,0,27,4,10,0,0,641,0,3072
Gujarat,W.Rly  Ahmedabad,9,0,2,0,11,1,357,0,0,7,0,0,1,11,0,6,1,0,0,0,3,0,454
Gujarat,W.Rly Vadodara,5,0,3,8,4,4,560,0,0,0,0,0,0,2,0,2,0,0,0,0,1,0,657
Gujarat,Total,1124,2523,2722,607,1209,4477,14337,243,1354,1574,246,283,217,3363,23,1352,405,62,0,0,29677,3,131385
Haryana,Ambala (Rural),15,75,59,4,4,96,194,0,0,38,15,3,1,62,9,17,15,0,0,0,147,0,1098
Haryana,Ambala (Urban),25,93,159,0,16,321,430,0,6,52,22,0,4,95,8,23,6,7,0,0,195,0,1977
Haryana,Bhiwani,62,132,102,16,54,400,822,0,219,87,66,0,26,52,12,99,24,17,0,0,400,1,4604
Haryana,Faridabad,64,303,384,18,40,412,2079,0,207,50,107,12,7,111,20,94,35,17,0,0,0,0,6000
Haryana,Fatehabad,20,81,39,9,16,218,300,0,92,64,1,6,9,18,7,56,20,10,0,0,190,1,2431
Haryana,G. R. P.,26,3,4,7,31,2,375,0,4,8,0,0,0,9,8,17,3,5,0,0,60,0,1139
Haryana,Gurgaon,96,351,348,64,119,725,4815,0,172,439,1,6,8,88,19,155,50,35,0,0,776,4,11444
Haryana,Hissar,66,165,73,30,39,558,1191,0,164,155,3,3,20,82,14,91,52,18,0,0,387,0,5608
Haryana,Jhajjar,69,168,24,11,28,161,427,0,32,63,0,3,5,57,25,47,16,1,0,0,240,0,2100
Haryana,Jind,49,69,82,17,37,246,533,0,150,26,0,3,19,27,12,67,24,5,0,0,189,0,2892
Haryana,Kaithal,47,99,133,7,11,170,352,0,0,15,10,0,4,83,10,58,25,6,0,0,226,0,1922
Haryana,Karnal,53,300,379,12,24,367,976,0,21,172,69,0,10,260,17,95,11,24,0,0,301,0,4047
Haryana,Kurukshetra,30,105,61,10,21,261,631,0,0,113,46,0,2,145,6,59,11,10,0,0,256,0,2581
Haryana,Mahendergarh,38,72,72,18,26,199,445,0,93,44,34,0,9,78,15,78,20,7,0,0,321,0,2262
Haryana,Mewat,33,255,75,28,27,79,452,0,224,36,25,0,5,53,5,86,26,3,0,0,243,0,2414
Haryana,Palwal,52,147,97,19,53,168,844,0,243,55,34,3,6,82,16,96,45,7,0,0,270,0,3247
Haryana,Panchkula,14,108,146,20,73,233,357,0,0,70,24,0,6,8,5,30,9,9,0,0,126,0,1594
Haryana,Panipat,53,192,100,39,49,416,1207,0,110,73,61,3,11,33,18,97,37,22,0,0,326,0,4654
Haryana,Rewari,27,123,114,22,53,224,670,0,64,89,11,0,10,121,11,65,41,9,0,0,424,0,2781
Haryana,Rohtak,76,204,85,21,43,342,984,0,110,29,70,6,9,73,16,98,31,27,0,1,231,1,3820
Haryana,Sirsa,36,147,77,18,25,376,543,0,19,57,42,3,10,24,5,86,52,15,0,0,187,1,3482
Haryana,Sonipat,110,180,83,21,54,364,940,0,10,120,1,0,16,49,28,98,23,13,0,0,465,0,4311
Haryana,Yamunanagar,45,150,386,14,31,379,747,0,4,90,25,6,6,61,7,76,23,17,0,0,242,1,3347
Haryana,Irrigation & Power,0,0,0,0,0,0,0,0,0,0,0,0,0,0,0,0,0,0,0,0,0,0,192
Haryana,Total,1106,3522,3082,425,874,6717,20314,0,1944,1945,667,57,203,1671,293,1688,599,284,0,1,6202,9,79947
Himachal Pradesh,Baddi,13,27,14,0,3,32,41,0,42,21,2,0,2,17,0,15,3,1,0,0,153,1,651
Himachal Pradesh,Bilaspur,4,45,46,0,0,45,39,0,36,20,0,0,10,54,0,72,16,2,0,0,186,0,1185
Himachal Pradesh,Chamba,8,69,20,0,1,98,31,0,38,14,4,3,10,59,0,27,6,5,0,0,87,0,761
Himachal Pradesh,C. I. D.,0,3,0,0,0,0,0,0,0,2,0,0,0,0,0,0,0,0,0,0,0,0,4
Himachal Pradesh,G. R. P.,1,0,0,0,0,0,1,0,0,0,0,0,0,0,0,0,0,0,0,0,0,0,9
Himachal Pradesh,Hamirpur,12,39,18,0,0,44,32,5,14,30,7,0,9,46,0,32,0,0,0,0,125,0,845
Himachal Pradesh,Kangra,26,129,32,2,2,141,107,0,78,53,1,0,10,117,0,79,17,9,0,0,422,0,2698
Himachal Pradesh,Kinnaur,2,30,5,0,1,40,11,1,6,2,0,0,0,12,0,5,0,0,0,0,30,0,211
Himachal Pradesh,Kullu,9,48,24,0,0,55,49,0,26,26,2,0,5,66,0,35,7,0,0,0,114,0,914
Himachal Pradesh,Lahaul & Spiti,2,0,1,0,0,1,1,0,0,0,1,0,0,1,0,0,0,0,0,0,8,0,84
Himachal Pradesh,Mandi,15,141,46,2,0,76,57,5,51,59,2,0,24,65,0,101,19,15,0,0,346,0,1939
Himachal Pradesh,Shimla,18,117,39,0,6,149,116,0,78,45,16,0,10,35,0,64,34,10,0,0,290,0,1957
Himachal Pradesh,Sirmaur,6,84,19,0,2,50,48,0,41,27,0,3,4,33,0,46,40,6,0,0,162,0,872
Himachal Pradesh,Solan,5,48,24,2,0,104,73,4,30,26,14,0,7,21,0,31,4,7,0,0,227,0,947
Himachal Pradesh,Una,9,69,16,2,1,49,46,6,38,64,0,0,6,67,1,31,13,7,0,0,186,0,1083
Himachal Pradesh,Total,130,849,304,8,16,884,652,21,478,389,49,6,97,593,1,538,159,62,0,0,2336,1,14160
Jammu & Kashmir,Anantnag,9,57,64,0,0,92,90,0,180,20,0,3,14,2,0,123,0,0,0,0,206,0,1307
Jammu & Kashmir,Awantipora,9,18,19,0,3,15,31,0,15,6,0,0,0,0,0,19,19,0,0,0,69,0,389
Jammu & Kashmir,Bandipora,2,12,40,0,1,36,34,0,65,9,0,0,5,1,0,53,0,0,0,0,64,0,618
Jammu & Kashmir,Baramulla,2,30,61,0,11,56,81,0,151,13,0,3,9,5,0,83,0,0,0,0,174,0,1110
Jammu & Kashmir,Budgam,11,27,48,0,2,58,78,0,145,7,20,0,4,2,0,30,0,0,0,0,119,0,1026
Jammu & Kashmir,Crime Jammu,0,0,0,0,0,0,0,0,0,14,0,0,0,0,0,0,0,0,0,0,0,0,14
Jammu & Kashmir,Crime Srinagar,1,3,0,0,0,0,0,0,0,41,0,0,0,0,0,0,0,0,0,0,0,0,43
Jammu & Kashmir,Doda,3,69,16,0,0,40,44,0,3,13,0,0,5,6,0,60,0,0,0,0,0,0,667
Jammu & Kashmir,Ganderbal,2,0,20,2,0,44,26,0,50,3,0,0,9,2,0,54,54,0,0,0,86,0,473
Jammu & Kashmir,Handwara,3,9,26,0,2,22,44,0,53,1,0,0,4,3,0,80,0,0,0,0,94,0,562
Jammu & Kashmir,Jammu,21,204,73,2,6,290,399,0,71,159,0,9,14,17,4,81,0,0,0,0,1287,0,4238
Jammu & Kashmir,Kargil,1,6,2,0,0,3,3,0,11,0,0,0,0,2,0,0,0,0,0,0,50,0,105
Jammu & Kashmir,Kathua,13,54,36,0,0,58,69,0,39,18,0,0,11,12,1,43,0,0,0,0,384,0,1289
Jammu & Kashmir,Kishtwar,0,18,18,0,0,29,21,0,2,6,0,0,4,0,0,23,0,0,0,0,72,0,388
Jammu & Kashmir,Kulgam,4,21,44,0,12,39,48,0,78,12,0,0,7,110,0,171,0,0,0,0,178,0,856
Jammu & Kashmir,Kupwara,7,24,42,0,0,34,34,0,159,7,0,0,4,7,0,61,61,0,0,0,105,0,710
Jammu & Kashmir,Leh,1,18,1,0,0,7,8,0,4,10,0,0,0,2,0,3,0,0,0,0,0,0,166
Jammu & Kashmir,Poonch,8,39,36,0,0,38,30,0,85,10,0,0,12,76,0,42,42,0,0,0,131,0,842
Jammu & Kashmir,Pulwama,5,21,21,0,5,16,20,0,63,6,0,3,2,37,0,20,0,0,0,0,49,0,354
Jammu & Kashmir,Railways Jammu,1,0,0,0,0,0,7,0,0,0,0,0,0,0,0,1,0,0,0,0,2,0,16
Jammu & Kashmir,Railways Kashmir,0,0,0,0,0,2,1,0,3,0,0,0,0,0,0,2,0,0,0,0,1,0,13
Jammu & Kashmir,Railways Katra,0,0,0,0,0,0,1,0,0,0,0,0,0,0,0,0,0,0,0,0,0,0,6
Jammu & Kashmir,Rajouri,18,117,62,6,1,44,56,0,34,28,2,3,6,18,0,65,65,0,0,0,343,0,1751
Jammu & Kashmir,Ramban,3,24,23,0,0,17,41,0,2,7,2,0,2,5,0,25,0,0,0,0,219,0,674
Jammu & Kashmir,Reasi,1,48,29,0,0,20,34,0,28,9,0,0,2,12,0,18,0,1,0,0,175,0,753
Jammu & Kashmir,Samba,4,21,12,0,1,29,33,0,34,10,0,3,4,8,0,10,0,0,0,0,307,0,653
Jammu & Kashmir,Shopian,5,3,37,0,6,17,49,0,74,2,0,0,3,0,0,30,0,0,0,0,44,0,501
Jammu & Kashmir,Sopore,9,24,40,0,3,75,62,0,45,2,0,0,6,0,0,83,0,0,0,0,76,0,634
Jammu & Kashmir,Srinagar,5,36,71,2,36,238,375,0,130,77,0,15,27,8,0,218,1,0,0,0,323,0,2533
Jammu & Kashmir,Udhampur,8,90,19,0,0,48,54,0,3,7,0,0,5,6,0,23,0,0,0,0,445,0,1157
Jammu & Kashmir,Total,156,993,860,12,89,1367,1773,0,1527,497,24,39,159,341,5,1421,242,1,0,0,5003,0,23848
Jharkhand,Bokaro,43,189,97,12,41,114,752,16,136,147,0,0,0,0,18,0,0,0,0,0,0,0,3145
Jharkhand,Chaibasa,120,162,46,22,16,34,163,17,0,43,0,0,4,23,2,22,11,0,0,0,75,1,954
Jharkhand,Chatra,59,54,37,12,8,20,141,0,86,35,10,0,5,14,62,19,0,0,0,0,63,22,1284
Jharkhand,Deoghar,43,75,63,22,17,84,343,0,91,98,0,3,4,564,28,21,6,0,0,0,88,0,2300
Jharkhand,Dhanbad,79,162,155,69,48,219,1052,0,225,26,38,3,4,27,28,54,0,0,0,0,449,0,4929
Jharkhand,Dhanbad Railway,13,0,5,26,7,1,221,0,0,6,0,0,0,1,2,6,0,0,0,0,0,0,365
Jharkhand,Dumka,59,117,31,20,5,73,239,9,62,33,19,0,3,146,11,9,0,2,0,0,146,11,1592
Jharkhand,Garhwa,67,150,90,6,30,60,154,0,143,93,0,0,6,85,25,19,19,0,0,0,107,0,2582
Jharkhand,Giridih,72,174,91,40,35,62,284,5,199,145,60,0,1,34,40,39,39,0,0,0,88,0,3491
Jharkhand,Godda,50,102,61,6,6,18,147,0,74,56,0,0,0,0,3,0,0,0,0,0,110,0,1710
Jharkhand,Gumla,187,201,45,12,34,21,140,0,13,38,6,0,7,0,1,15,0,0,0,0,92,58,1200
Jharkhand,Hazaribagh,60,156,110,53,25,131,459,0,97,135,2,3,12,7,23,50,0,0,0,0,147,1,3039
Jharkhand,Jamshedpur,100,165,82,24,43,175,909,2,99,427,41,3,5,61,13,47,11,0,0,0,197,0,3985
Jharkhand,Jamshedpur Railway,11,0,5,0,4,1,118,0,0,5,0,3,1,1,0,2,0,0,0,0,2,1,188
Jharkhand,Jamtara,18,81,28,4,6,30,123,5,111,71,32,0,6,3,10,29,1,0,2,0,39,0,1032
Jharkhand,Khunti,84,21,16,2,19,2,38,3,36,5,8,0,4,3,2,3,0,0,0,0,20,24,419
Jharkhand,Koderma,25,45,41,22,11,33,125,0,78,60,0,0,0,0,16,0,0,0,0,0,75,0,1344
Jharkhand,Latehar,41,75,37,12,9,15,107,0,46,18,15,0,0,0,8,0,0,0,0,0,47,0,859
Jharkhand,Lohardagga,40,129,32,6,13,25,75,0,5,25,0,0,4,0,2,5,0,0,0,0,48,0,536
Jharkhand,Pakur,30,165,18,2,5,35,74,3,58,47,3,0,2,29,1,12,5,0,0,0,0,6,839
Jharkhand,Palamu,77,132,68,44,43,87,203,0,122,51,48,0,9,16,19,15,15,0,0,0,88,0,2556
Jharkhand,Ramgarh,40,144,60,44,10,51,298,14,103,53,0,3,7,10,11,20,7,3,0,0,158,0,1488
Jharkhand,Ranchi,133,225,81,32,50,84,518,0,90,112,31,0,3,305,13,1,0,0,0,0,361,21,2447
Jharkhand,Sahebganj,72,261,68,6,9,10,116,0,69,89,0,0,2,0,4,20,0,0,0,0,0,5,1522
Jharkhand,Saraikela,58,93,41,6,11,47,207,0,18,21,37,0,4,10,7,27,0,0,0,0,91,0,1108
Jharkhand,Simdega,77,72,15,4,16,10,40,0,14,16,6,0,1,5,1,5,0,0,0,0,70,0,421
Jharkhand,Total,1658,3150,1423,508,521,1442,7046,74,1975,1855,356,18,94,1344,350,440,114,5,2,0,2561,150,45335
Karnataka,Bagalkot,39,66,25,2,17,125,161,0,208,91,5,3,12,29,4,96,0,0,0,0,581,0,2131
Karnataka,BengaluruCity,241,312,708,449,1067,1542,11455,0,388,3045,43,87,100,217,57,680,53,19,0,0,4315,12,31892
Karnataka,BengaluruDistrict,78,180,83,65,145,262,667,0,248,318,22,0,13,32,22,135,0,0,0,0,0,0,5567
Karnataka,BelagaviDistrict,75,177,47,39,40,205,326,0,447,115,10,0,21,94,4,233,23,2,0,0,1429,0,4851
Karnataka,Ballari,58,144,20,12,49,216,380,0,233,228,21,3,5,338,12,121,0,0,0,0,802,0,3304
Karnataka,Bidar,44,99,52,10,38,127,250,0,227,75,5,3,14,34,10,82,0,0,0,0,1217,0,4333
Karnataka,Vijayapura,64,135,43,8,48,127,151,0,276,68,4,3,37,40,7,127,24,2,0,0,798,0,2931
Karnataka,Chikkaballapura,32,108,27,12,21,103,231,0,181,89,17,0,9,26,10,106,0,0,0,0,490,0,2405
Karnataka,Chamarajnagar,28,33,19,3,7,41,138,0,87,31,1,0,6,13,5,92,2,1,0,0,342,1,1607
Karnataka,Chikkamagaluru,39,90,38,20,34,104,215,0,97,86,10,3,9,22,5,172,0,0,0,0,0,0,2878
Karnataka,Chitradurga,47,72,31,8,24,100,266,4,244,77,2,0,12,14,17,241,0,0,0,0,1501,0,3981
Karnataka,Dakshina Kannada,26,120,10,12,19,100,91,0,148,88,11,3,12,16,1,70,8,2,0,0,818,0,2087
Karnataka,Davanagere,45,120,60,14,45,170,439,0,290,111,19,3,8,35,9,211,27,2,0,0,963,0,3635
Karnataka,Dharwad,24,69,8,8,9,38,69,0,127,29,1,0,5,24,3,32,4,2,0,0,384,0,1219
Karnataka,Gadag,12,45,11,5,14,55,82,0,92,48,5,3,3,18,2,31,0,0,0,0,361,0,1109
Karnataka,Kalaburgi,75,159,66,25,67,196,307,405,1,110,5,0,5,69,14,145,0,0,0,0,1208,0,4448
Karnataka,Hassan,64,189,57,22,33,181,344,0,157,110,12,3,27,4,11,251,0,0,0,0,1703,0,5182
Karnataka,Haveri,28,120,17,20,12,79,253,0,250,37,0,0,0,23,10,94,0,0,0,0,714,0,2201
Karnataka,Hubballi Dharwad City,20,63,37,9,72,141,321,0,109,130,18,9,4,34,7,31,3,0,0,0,436,1,1936
Karnataka,K.G.F.,13,60,12,4,19,45,70,0,40,64,1,0,5,7,1,21,5,1,0,0,117,0,777
Karnataka,Kodagu,33,75,36,2,9,99,128,0,32,80,12,0,8,13,1,60,0,0,0,0,456,0,1824
Karnataka,Kolar,35,96,18,5,42,61,184,0,220,80,10,3,9,10,8,67,13,3,0,0,594,0,2188
Karnataka,Koppal,26,84,31,10,12,58,188,0,175,111,0,3,4,183,4,34,0,0,0,0,627,0,1883
Karnataka,Mandya,41,108,69,35,61,201,421,0,230,88,9,0,20,37,11,278,0,0,0,0,1324,0,4984
Karnataka,Mangaluru City,30,75,22,40,57,228,230,0,128,282,8,3,12,11,1,72,0,0,0,0,960,0,3039
Karnataka,Mysuru City,24,123,52,16,73,106,542,0,72,227,0,3,0,20,3,87,10,4,0,0,663,0,2766
Karnataka,Mysuru District,52,123,50,10,28,183,496,0,266,87,6,0,18,34,20,201,0,0,0,0,867,0,4118
Karnataka,Raichur,53,165,37,7,10,66,209,0,306,132,6,2,9,39,5,198,0,0,0,0,673,0,3128
Karnataka,K.Railways,13,3,4,16,96,0,712,0,0,6,0,9,0,23,1,9,9,0,0,0,0,0,948
Karnataka,Ramanagar,73,129,55,40,81,207,454,0,221,102,33,3,12,50,12,142,0,0,0,0,1400,0,4249
Karnataka,Shimoga,50,174,54,25,60,312,326,0,350,236,8,0,26,38,8,404,0,11,0,0,1718,2,6043
Karnataka,Tumakuru,55,108,34,15,50,140,293,0,197,176,13,0,13,44,15,242,12,0,0,0,1449,1,4523
Karnataka,Udupi,22,84,19,13,38,94,126,0,79,129,16,12,11,17,3,111,48,8,0,0,982,0,2496
Karnataka,Uttara Kannada,21,75,32,8,29,105,111,0,103,108,11,0,13,38,0,154,8,2,0,0,1042,0,2783
Karnataka,Yadgiri,31,123,22,4,13,40,68,0,122,26,0,0,4,36,2,148,1,3,0,0,364,0,1496
Karnataka,Belagavi City,25,66,27,10,77,175,315,0,169,115,7,0,18,35,8,85,3,2,0,0,609,1,2396
Karnataka,Total,1636,3972,1933,1003,2516,6032,21019,409,6520,6935,351,161,484,1717,313,5263,253,64,0,0,31907,18,137338
Kerala,Alapuzha,19,183,8,26,54,190,226,76,238,429,0,6,14,117,0,245,41,0,0,0,5759,0,11033
Kerala,Ernakulam Commr.,13,192,4,13,17,157,331,140,57,749,1,9,3,49,0,158,158,0,0,0,13431,3,17088
Kerala,Ernakulam Rural,19,213,8,16,32,193,363,0,321,320,38,21,12,167,0,224,29,0,0,0,14471,0,20185
Kerala,Idukki,20,213,10,0,26,157,144,0,216,206,12,3,9,90,2,186,26,0,0,0,1415,0,5264
Kerala,Kannur,22,177,15,2,83,185,149,0,745,190,0,9,86,65,1,222,26,1,0,0,1644,0,6716
Kerala,Kasargod,16,177,8,13,32,142,161,0,422,223,3,3,44,55,0,123,16,3,0,0,801,1,5016
Kerala,Kollam Commr.,10,234,13,4,63,95,143,0,301,187,14,6,13,132,1,287,287,0,0,0,1418,0,9314
Kerala,Kollam Rural,28,243,19,4,32,194,161,0,293,192,12,0,16,107,2,240,0,0,0,0,1053,0,7910
Kerala,Kottayam,17,225,14,22,38,169,235,0,186,240,0,0,17,108,0,204,41,0,0,0,12303,0,17769
Kerala,Kozhikode Commr.,8,105,2,1,52,183,282,0,220,259,3,27,9,31,1,107,6,1,0,0,1982,0,4665
Kerala,Kozhikode Rural,9,156,10,6,36,196,203,0,408,347,13,9,63,42,0,226,95,4,0,0,1840,0,5391
Kerala,Malappuram,19,309,8,2,34,271,310,0,682,374,0,15,9,103,1,346,10,5,0,0,12448,0,18057
Kerala,Palakkad,23,264,21,11,52,204,308,0,473,410,3,9,31,97,7,182,46,3,0,0,2411,0,14780
Kerala,Pathanamthitta,11,189,13,25,41,187,228,126,89,274,15,9,19,136,0,163,16,0,0,0,5022,0,8533
Kerala,Railways,3,0,2,0,12,2,299,0,7,2,0,0,0,0,0,74,18,0,0,0,0,3,508
Kerala,Thrissur Commr.,17,114,8,10,34,83,165,84,98,362,4,9,12,67,0,109,22,7,0,0,3233,1,6548
Kerala,Thrissur Rural,24,282,10,6,68,141,263,103,278,467,0,12,47,165,2,298,41,5,0,0,14859,1,20117
Kerala,Trivandrum Commr.,13,168,14,29,59,147,325,2,226,294,23,42,10,48,2,254,52,5,0,0,8816,0,12504
Kerala,Trivandrum Rural,45,366,19,28,83,472,338,15,416,361,13,6,29,209,6,581,15,0,0,0,5271,0,12024
Kerala,Wayanadu,9,225,16,4,21,79,64,9,143,169,1,3,8,37,0,134,35,3,0,0,785,0,3182
Kerala,Crime Branch,22,6,0,4,0,5,2,3,1,36,1,0,2,2,3,4,0,0,0,0,0,2,185
Kerala,Total,367,4041,222,226,869,3452,4700,558,5820,6091,156,198,453,1827,28,4367,980,37,0,0,108962,11,206789
Madhya Pradesh,Agar,5,84,18,0,5,54,142,0,20,7,0,0,12,38,2,56,47,1,0,0,281,0,1652
Madhya Pradesh,Alirajpur,46,51,17,8,10,35,94,0,9,5,0,0,10,63,0,15,0,0,0,0,306,0,1161
Madhya Pradesh,Anuppur,35,210,107,4,23,168,187,0,24,22,0,3,7,29,7,121,43,9,0,0,305,0,2666
Madhya Pradesh,Ashok Nagar,29,228,67,5,15,123,125,0,26,11,0,0,13,263,12,171,33,5,0,0,360,0,3366
Madhya Pradesh,Balaghat,60,393,187,3,16,144,136,0,41,40,0,0,18,23,12,178,89,21,0,0,568,1,3507
Madhya Pradesh,Barwani,44,204,27,3,7,112,222,0,22,7,4,0,13,34,4,92,24,5,0,0,821,1,2857
Madhya Pradesh,Betul,63,492,191,0,19,231,339,0,2,40,33,0,16,40,9,417,100,51,0,0,884,8,6822
Madhya Pradesh,Bhind,62,234,106,18,92,204,418,0,71,51,0,0,13,1247,30,142,0,0,0,0,0,0,4870
Madhya Pradesh,Bhopal,83,669,366,18,113,1041,3010,0,62,190,0,15,22,327,20,343,343,0,0,0,3260,0,16094
Madhya Pradesh,Bhopal Railway,4,9,25,2,20,6,1670,0,4,5,0,0,0,1,0,19,19,0,0,0,0,0,2067
Madhya Pradesh,Burhanpur,20,138,24,8,5,58,121,0,8,21,0,0,2,47,5,90,32,14,0,0,371,0,1958
Madhya Pradesh,Chhatarpur,44,234,181,3,35,197,217,0,28,35,0,0,16,308,22,232,232,0,0,0,0,0,4463
Madhya Pradesh,Chhindwara,73,615,231,4,13,245,289,0,42,48,0,6,22,2024,9,241,241,0,0,0,1226,0,6149
Madhya Pradesh,Damoh,33,138,109,1,11,89,112,0,10,16,0,0,7,107,31,137,0,0,0,0,394,0,2702
Madhya Pradesh,Datia,42,102,71,10,48,76,145,0,17,23,0,0,13,74,14,88,0,0,0,0,9,0,2783
Madhya Pradesh,Dewas,64,363,88,0,14,194,511,0,48,43,2,0,13,94,10,216,61,35,0,0,1307,2,7426
Madhya Pradesh,Dhar,51,414,341,17,76,261,857,0,65,38,0,0,34,493,15,244,244,0,0,0,1879,0,7479
Madhya Pradesh,Dindori,24,273,75,0,5,65,83,0,11,14,0,0,11,7,4,162,0,0,0,0,421,0,3851
Madhya Pradesh,Guna,46,369,173,11,34,155,409,0,52,31,0,0,23,500,12,168,1,1,0,0,574,1,4539
Madhya Pradesh,Gwalior,78,474,233,54,99,641,1821,0,108,143,0,0,18,66,36,364,52,32,0,0,1915,1,12958
Madhya Pradesh,Harda,12,141,79,2,8,52,80,0,10,6,4,0,3,44,5,82,40,6,0,0,251,0,2016
Madhya Pradesh,Hoshangabad,59,306,110,6,42,227,416,0,38,26,16,3,19,110,6,183,21,11,0,0,810,0,4870
Madhya Pradesh,Indore,115,783,507,9,317,1588,6530,7,82,177,51,15,49,139,37,411,127,39,0,0,5344,1,23992
Madhya Pradesh,Indore Railway,1,12,5,4,4,5,434,0,0,0,0,0,0,0,0,9,0,0,0,0,0,0,552
Madhya Pradesh,Jabalpur,92,582,517,10,137,580,1025,0,69,115,16,6,7,137,34,374,0,0,0,0,2839,4,12918
Madhya Pradesh,Jabalpur Railway,3,12,15,3,37,4,909,0,1,1,0,0,0,3,0,21,7,0,0,0,8,0,1159
Madhya Pradesh,Jhabua,33,156,102,6,45,116,196,0,29,29,0,0,19,122,0,98,0,0,0,0,758,0,2990
Madhya Pradesh,Katni,35,279,192,7,15,174,161,1,8,35,2,6,12,153,18,178,54,2,0,0,330,1,3670
Madhya Pradesh,Khandwa,31,252,127,10,17,312,357,0,39,53,0,0,26,49,6,270,254,15,0,0,578,0,4011
Madhya Pradesh,Khargone,42,354,126,0,18,195,425,0,23,27,0,0,12,125,43,247,0,0,0,0,104,3,4533
Madhya Pradesh,Mandla,36,192,141,0,5,72,57,0,6,22,0,0,4,248,6,99,0,0,0,0,38,1,2220
Madhya Pradesh,Mandsaur,30,270,140,8,9,199,368,0,25,39,0,0,25,103,5,183,0,0,0,0,669,0,5565
Madhya Pradesh,Morena,43,129,120,38,69,158,503,0,101,14,16,6,7,308,30,131,0,2,0,0,845,1,5944
Madhya Pradesh,Narsinghpur,40,339,87,1,7,122,145,0,21,25,0,0,20,1675,20,165,0,0,0,0,0,0,3777
Madhya Pradesh,Neemuch,8,141,41,1,9,79,250,0,17,17,0,0,5,56,3,88,22,2,0,0,466,0,2986
Madhya Pradesh,Panna,29,123,145,1,14,95,73,0,1,11,0,0,11,205,10,84,0,0,0,0,0,0,2063
Madhya Pradesh,Raisen,46,483,90,7,21,109,340,5,36,20,1,0,19,119,5,225,74,11,0,0,554,0,5204
Madhya Pradesh,Rajgarh,28,282,112,7,24,160,363,0,41,24,1,3,72,96,5,235,0,0,0,0,789,0,5529
Madhya Pradesh,Ratlam,36,207,172,17,31,148,339,0,38,35,0,0,14,230,5,151,0,0,0,0,908,4,4560
Madhya Pradesh,Rewa,73,330,272,11,97,641,562,0,44,19,22,12,29,139,36,169,17,2,0,0,177,0,6678
Madhya Pradesh,Sagar,75,378,214,2,23,264,439,0,85,28,1,0,26,307,35,405,110,24,0,0,1169,2,7674
Madhya Pradesh,Satna,69,561,451,10,67,379,495,0,68,37,0,3,25,649,30,254,254,0,0,0,0,0,7539
Madhya Pradesh,Seoni,29,249,155,0,5,114,181,0,19,41,0,0,11,77,9,137,69,12,0,0,662,2,3484
Madhya Pradesh,Shahdol,36,366,200,2,32,277,334,0,26,39,0,3,16,92,16,272,68,50,0,0,619,4,5240
Madhya Pradesh,Shajapur,20,204,47,2,15,141,314,0,29,13,7,3,17,99,7,139,113,9,0,0,455,0,3754
Madhya Pradesh,Sheopur,18,69,36,7,6,47,92,0,26,11,0,0,5,72,5,57,10,6,0,0,160,0,1578
Madhya Pradesh,Shivpuri,55,303,172,26,52,207,389,0,63,54,0,3,43,230,11,269,69,8,0,0,872,2,5836
Madhya Pradesh,Sidhi,31,120,100,0,21,116,107,0,13,21,0,0,7,54,14,100,29,0,0,0,570,1,3576
Madhya Pradesh,Sehore,33,372,149,0,21,267,472,0,39,25,0,3,17,61,12,162,21,0,0,0,1074,0,5006
Madhya Pradesh,Singrauli,42,264,114,7,15,147,231,0,37,10,8,0,22,88,17,97,47,5,0,0,389,9,3349
Madhya Pradesh,Tikamgarh,36,276,79,3,25,165,128,0,35,17,0,0,12,196,15,133,21,4,0,0,507,0,3458
Madhya Pradesh,Ujjain,67,378,148,8,54,434,1103,0,66,45,7,6,7,114,11,282,0,0,0,0,1650,1,9141
Madhya Pradesh,Umaria,17,153,91,4,12,102,78,0,11,16,0,0,5,31,2,104,104,0,0,0,0,0,2172
Madhya Pradesh,Vidisha,48,468,140,2,35,315,440,0,34,46,0,0,16,197,21,299,71,19,0,0,783,0,6009
Madhya Pradesh,Cyber Cell,0,0,0,0,0,0,0,0,0,0,0,0,0,0,0,0,0,0,0,0,0,0,0
Madhya Pradesh,Total,2274,15228,7833,390,1969,12110,29244,13,1850,1888,191,96,865,12113,733,9609,3163,401,0,0,39259,50,272423
Maharashtra,Ahmednagar,109,309,121,109,274,559,1519,65,457,165,0,9,46,199,13,269,67,3,0,0,747,0,6957
Maharashtra,Akola,52,156,42,31,108,177,736,36,97,108,7,9,34,121,5,219,101,19,0,0,503,0,4433
Maharashtra,Amravati Commr.,27,81,36,4,56,206,815,61,13,90,17,6,16,69,1,132,24,15,0,0,510,0,3338
Maharashtra,Amravati Rural,51,309,76,13,42,236,1221,23,43,93,0,3,70,269,8,415,216,77,0,0,546,0,6948
Maharashtra,Aurangabad Commr.,35,81,63,65,204,267,1419,36,134,197,4,6,35,71,2,227,110,65,0,0,771,0,4821
Maharashtra,Aurangabad Rural,49,93,37,46,41,116,917,22,264,87,0,6,30,77,7,177,86,4,0,0,402,0,4237
Maharashtra,Beed,75,210,72,44,94,227,678,38,266,120,2,3,33,121,3,273,173,13,0,0,856,0,4864
Maharashtra,Bhandara,20,84,23,2,25,153,476,6,19,55,0,0,20,42,3,73,47,8,0,0,309,0,2003
Maharashtra,Buldhana,59,171,44,27,44,155,669,35,186,94,10,3,45,128,22,253,94,13,0,0,396,0,4453
Maharashtra,Chandrapur,51,297,49,20,41,233,751,21,53,120,0,0,28,127,2,224,0,0,0,0,512,0,4441
Maharashtra,Dhule,38,105,43,67,56,145,366,10,166,86,1,6,3,50,11,98,0,0,0,0,378,0,2818
Maharashtra,Gadchiroli,54,66,8,8,8,85,102,3,9,36,0,0,17,24,0,32,10,0,0,0,90,0,875
Maharashtra,Gondia,33,174,26,2,20,130,313,20,13,41,0,3,10,59,6,113,113,0,0,0,209,0,1836
Maharashtra,Hingoli,27,72,29,6,19,51,128,9,66,44,0,3,12,54,4,80,51,8,0,0,186,0,1761
Maharashtra,Jalgaon,80,198,84,88,129,248,999,18,327,191,0,21,23,172,1,347,213,0,0,0,597,0,6531
Maharashtra,Jalna,64,99,39,28,75,206,582,51,120,116,0,0,23,191,13,185,155,0,0,0,16,0,3372
Maharashtra,Kolhapur,64,252,70,39,236,363,883,17,273,317,0,21,22,111,8,176,42,33,0,0,776,0,4942
Maharashtra,Latur,74,171,84,65,79,231,549,38,246,125,0,6,54,42,4,174,0,0,0,0,393,0,4070
Maharashtra,Mumbai Commr.,183,1821,541,82,2094,3055,10101,6,409,2594,980,117,54,2006,22,1626,650,129,0,0,4129,84,40361
Maharashtra,Mumbai Railway,17,3,17,0,573,4,2247,3,6,46,0,0,0,14,0,55,20,7,0,0,0,1,3141
Maharashtra,Nagpur Commr.,103,339,145,48,505,1074,2962,36,147,394,2,9,33,313,10,279,197,53,0,0,1096,1,10359
Maharashtra,Nagpur Railway,2,9,2,13,80,0,1531,0,7,8,0,15,0,12,0,20,0,0,0,0,0,0,1768
Maharashtra,Nagpur Rural,69,195,35,21,65,249,1024,27,60,60,0,6,41,146,4,187,52,9,0,0,730,0,4564
Maharashtra,Nanded,73,129,95,18,62,243,511,27,192,11,140,12,41,171,6,147,147,0,0,0,574,0,4600
Maharashtra,Nandurbar,36,75,21,13,13,84,157,4,89,34,1,6,6,34,2,36,8,4,0,0,233,0,1425
Maharashtra,Nasik Commr.,26,84,59,55,124,299,1053,2,64,130,1,36,6,65,3,101,47,7,1,0,489,0,3883
Maharashtra,Nasik Rural,98,261,108,60,103,319,888,40,375,186,1,9,25,406,17,224,171,11,0,0,1599,0,6832
Maharashtra,Navi Mumbai,51,264,140,47,411,549,1447,0,89,576,2,27,10,109,6,158,30,24,0,0,527,0,5903
Maharashtra,Osmanabad,39,129,28,49,40,206,427,14,148,75,0,3,19,65,5,126,46,10,0,0,408,0,2825
Maharashtra,Palghar,85,294,114,49,211,631,1071,2,220,259,11,42,12,213,1,183,28,9,0,0,369,0,4692
Maharashtra,Parbhani,44,114,64,53,48,204,488,22,157,145,0,0,28,141,5,140,68,8,0,0,328,0,3606
Maharashtra,Pune Commr.,138,567,228,217,873,1362,4867,10,259,770,8,42,38,470,20,454,110,38,0,0,1299,0,14468
Maharashtra,Pune Railway,8,6,3,17,56,1,543,0,3,2,0,0,0,5,1,5,1,0,0,0,0,0,676
Maharashtra,Pune Rural,153,441,157,203,251,807,2592,36,609,282,0,12,37,270,13,356,59,38,0,0,1244,0,10334
Maharashtra,Raigad,31,141,41,12,72,224,429,58,146,142,4,15,22,74,2,99,42,10,0,0,386,0,2601
Maharashtra,Ratnagiri,11,102,19,4,38,143,256,7,66,71,1,6,13,24,0,59,19,16,0,0,342,0,1568
Maharashtra,Sangli,50,198,68,28,63,227,608,13,218,197,9,18,22,136,6,157,39,8,0,0,430,0,5171
Maharashtra,Satara,67,291,88,97,234,408,1254,4,340,155,22,30,26,142,4,241,89,34,0,0,605,0,6062
Maharashtra,Sindhudurg,7,36,10,10,16,84,132,9,24,10,20,6,15,20,0,42,29,11,0,0,102,0,789
Maharashtra,Solapur Commr.,21,117,39,21,123,231,586,6,111,99,0,6,6,32,3,52,20,5,0,0,234,0,2186
Maharashtra,Solapur Rural,87,291,93,53,68,253,1062,14,431,73,45,9,31,237,2,227,72,22,0,0,891,0,6235
Maharashtra,Thane Commr.,117,645,435,83,1315,1648,3167,12,338,953,1,60,38,571,13,559,309,52,0,0,774,22,13227
Maharashtra,Thane Rural,51,225,71,60,230,349,641,43,168,301,0,9,26,107,3,165,29,15,0,0,173,0,3641
Maharashtra,Wardha,35,186,37,30,50,166,800,14,41,95,4,0,19,109,1,192,32,6,0,0,51,0,3687
Maharashtra,Washim,31,99,32,13,51,115,466,30,94,55,0,0,26,71,5,178,178,0,0,0,182,0,2579
Maharashtra,Yavatmal,75,324,157,43,146,448,1850,58,197,151,0,3,65,237,12,466,58,13,0,0,668,0,9951
Maharashtra,Total,2670,10314,3793,2063,9466,17171,56283,1006,7760,9959,1293,603,1180,8127,279,10001,4052,797,1,0,26060,108,249834
Manipur,Bishnupur,12,27,11,0,0,8,50,0,6,3,0,0,2,20,0,6,0,0,0,0,78,0,307
Manipur,Chandel,4,0,2,0,0,0,12,0,3,0,0,0,3,3,0,1,0,0,0,0,18,0,70
Manipur,Churachandpur,13,15,6,0,0,7,29,0,1,5,2,0,2,5,0,3,2,0,0,0,10,0,130
Manipur,C. I. D.,0,0,0,0,0,0,0,0,0,0,0,0,0,0,0,0,0,0,0,0,0,0,0
Manipur,Imphal East,13,60,27,0,0,15,251,0,15,18,1,0,6,44,1,7,0,0,0,0,87,1,645
Manipur,Imphal West,20,60,52,0,4,28,475,0,42,39,10,0,8,103,0,44,3,2,0,0,243,2,1417
Manipur,Senapati,5,3,11,0,3,2,11,0,3,2,0,0,2,2,0,2,0,0,0,0,29,0,121
Manipur,Tamenglong,4,0,9,0,0,0,12,0,1,2,0,0,9,6,0,0,0,0,0,0,29,0,125
Manipur,Thoubal,15,57,61,0,0,13,157,0,29,29,0,3,6,88,0,35,0,0,0,0,137,0,768
Manipur,Ukhrul,10,3,3,0,0,2,4,0,1,1,0,0,5,3,0,0,0,0,0,0,4,0,58
Manipur,Total,96,225,182,0,7,75,1001,0,101,99,13,3,43,274,1,98,5,2,0,0,635,3,3641
Meghalaya,Garo Hills East,7,9,7,6,6,1,57,0,0,5,0,0,0,5,0,3,0,0,0,0,5,0,159
Meghalaya,Garo Hills North,14,9,26,10,2,4,24,0,0,0,1,0,0,12,0,8,0,0,0,0,0,0,165
Meghalaya,Garo Hills South,19,9,28,8,2,2,21,0,3,6,0,9,1,1,0,3,0,0,0,0,0,0,167
Meghalaya,Garo Hills South West,5,12,4,10,2,0,7,0,0,1,0,0,0,2,0,8,0,0,0,0,0,0,65
Meghalaya,Garo Hills West,28,33,59,18,13,47,72,0,2,9,4,0,4,12,0,11,0,0,0,0,17,0,532
Meghalaya,Jaintia Hills West,18,30,9,0,3,23,55,0,0,11,0,3,4,15,0,5,0,0,0,0,8,0,292
Meghalaya,Jaintia Hills East,19,33,7,6,4,2,68,0,0,8,1,3,9,12,0,7,0,0,0,0,0,0,281
Meghalaya,Khasi Hills East,24,42,23,14,53,35,399,0,0,111,29,15,12,60,0,45,0,4,0,0,25,0,1327
Meghalaya,Khasi Hills South West,4,36,0,6,1,0,15,0,0,1,0,0,0,3,1,0,0,0,0,0,1,0,60
Meghalaya,Khasi Hills West,11,57,9,8,3,18,50,0,0,8,0,0,0,12,0,4,0,0,0,0,0,0,271
Meghalaya,Ri-Bhoi,10,84,7,26,8,14,89,0,3,12,5,0,8,19,0,11,0,0,0,0,36,0,360
Meghalaya,Total,159,354,179,112,97,146,857,0,8,172,40,30,38,153,1,105,0,4,0,0,92,0,3679
Mizoram,Aizawl,11,117,2,2,5,251,455,0,0,45,1,9,14,57,0,58,23,6,0,0,0,0,1059
Mizoram,Champhai,9,66,1,0,0,50,86,0,0,4,0,0,1,10,0,0,0,0,0,0,0,0,238
Mizoram,Kolasib,1,30,2,10,0,42,136,0,0,2,2,0,1,6,0,10,10,0,0,0,9,0,263
Mizoram,Lawngtlai,6,27,0,0,0,15,26,0,0,1,0,3,0,10,0,5,0,0,0,0,5,0,98
Mizoram,Lunglei,8,42,0,2,0,39,52,0,0,3,2,6,0,7,0,13,13,0,0,0,5,0,175
Mizoram,Mamit,1,30,2,2,0,40,33,0,0,2,0,0,2,3,0,6,6,0,0,0,0,0,116
Mizoram,Saiha,4,12,0,0,0,16,27,0,0,2,0,3,1,3,0,2,0,0,0,0,0,0,73
Mizoram,Serchhip,2,36,0,0,1,17,37,0,0,2,0,0,3,4,0,3,1,0,0,0,1,0,98
Mizoram,Spl Traffic,0,0,0,0,0,0,0,0,0,0,0,0,0,0,0,0,0,0,0,0,0,0,20
Mizoram,Total,42,360,7,16,6,470,852,0,0,61,5,21,22,100,0,97,53,6,0,0,20,0,2140
Nagaland,Dimapur,22,36,25,16,26,21,215,0,2,24,3,12,7,8,0,10,1,1,0,0,0,3,512
Nagaland,Kiphire,1,3,0,0,0,0,2,0,0,3,1,0,0,1,0,0,0,0,0,0,1,0,13
Nagaland,Kohima,3,27,5,0,6,12,75,0,0,11,6,0,0,0,0,0,0,0,0,0,0,0,199
Nagaland,Longleng,0,3,0,0,0,0,2,0,0,0,0,0,0,0,0,0,0,0,0,0,2,0,15
Nagaland,Mokokchung,5,3,2,0,2,2,10,0,0,8,5,0,0,4,0,2,0,0,0,0,2,0,67
Nagaland,Mon,6,3,0,0,0,1,10,1,0,1,2,0,0,0,0,0,0,0,0,0,0,0,39
Nagaland,Peren,1,0,0,0,0,0,7,0,0,0,0,0,0,0,0,1,1,0,0,0,2,0,19
Nagaland,Phek,9,3,0,0,3,3,25,0,0,4,0,0,0,3,0,3,3,0,0,0,2,0,75
Nagaland,Tuensang,0,3,2,0,0,0,20,0,2,1,0,0,0,0,0,0,0,0,0,0,2,0,48
Nagaland,Wokha,10,0,2,0,0,0,29,0,6,0,0,0,0,0,0,0,0,0,0,0,0,0,90
Nagaland,Zunheboto,1,9,1,0,1,15,23,0,0,4,0,0,0,7,0,0,0,0,0,0,0,0,80
Nagaland,Total,58,90,37,16,38,54,418,1,10,56,17,12,7,23,0,16,5,1,0,0,11,3,1157
Odisha,Angul,58,132,85,78,107,167,548,0,73,67,0,0,16,14,4,146,50,4,0,0,0,6,2950
Odisha,Balasore,65,330,231,50,90,240,357,19,60,140,0,12,27,153,2,566,59,2,0,0,236,3,4305
Odisha,Baragarh,27,168,61,39,68,113,199,0,89,33,14,0,19,248,7,114,50,2,0,0,153,0,1817
Odisha,Berhampur,31,90,59,50,76,114,237,0,29,78,3,6,11,42,0,162,6,10,0,0,127,0,1709
Odisha,Bhadrak,39,189,116,7,25,99,222,0,45,85,0,0,29,38,24,178,26,3,0,0,0,0,2807
Odisha,Bolangir,26,168,130,26,59,129,199,0,64,43,0,3,20,212,19,211,24,4,0,0,140,0,2379
Odisha,Boudh,22,72,34,18,23,29,35,4,9,14,0,0,5,116,2,68,33,3,0,0,72,3,596
Odisha,Cuttack,40,174,94,28,63,118,170,0,40,49,0,0,15,125,27,29,9,0,0,0,210,0,2594
Odisha,DCP BBSR,42,216,151,78,123,286,1432,0,90,394,2,12,17,805,27,53,12,8,0,0,0,0,5478
Odisha,DCP CTC,36,198,144,43,38,163,623,0,28,157,0,0,4,6,21,82,12,2,0,0,212,0,2920
Odisha,Deogarh,12,96,18,12,17,36,72,0,13,10,0,0,5,52,1,46,39,2,0,0,0,0,901
Odisha,Dhenkanal,52,129,68,16,76,83,237,0,64,50,0,0,21,39,11,388,45,3,0,0,186,5,2000
Odisha,Gajapati,17,57,22,2,0,21,36,0,32,16,0,0,3,23,3,84,12,1,0,0,49,4,460
Odisha,Ganjam,75,255,129,68,64,137,153,0,66,51,0,0,29,243,13,410,43,12,0,0,0,0,2580
Odisha,Jagatsinghpur,43,111,83,36,60,165,329,0,70,76,0,0,18,209,26,208,20,4,0,0,0,0,2345
Odisha,Jajpur,76,219,123,32,70,185,397,0,83,58,0,3,27,1048,49,238,25,1,0,0,0,0,3174
Odisha,Jharsuguda,33,126,48,16,64,132,217,0,30,26,4,0,7,34,9,108,8,2,0,0,143,0,1431
Odisha,Kalahandi,38,303,190,14,41,85,103,0,75,63,0,0,8,349,12,215,11,7,0,0,149,0,2039
Odisha,Kandhamal,28,162,48,10,14,46,79,13,10,58,0,0,3,31,4,121,16,6,0,0,95,0,1089
Odisha,Kendrapara,34,144,88,18,36,97,107,12,47,56,0,0,24,156,32,154,60,3,0,0,0,0,2244
Odisha,Keonjhar,75,309,107,38,46,112,218,0,51,60,0,6,18,256,11,293,27,0,0,0,504,0,2571
Odisha,Khurda,40,117,103,34,63,86,197,0,48,65,0,0,17,15,22,103,12,5,0,0,163,0,2291
Odisha,Koraput,71,282,73,30,37,105,99,0,61,30,0,0,6,15,4,152,4,5,0,0,155,0,1357
Odisha,Malkangiri,33,57,21,42,9,15,33,0,17,37,0,0,8,16,4,29,3,0,0,0,23,0,420
Odisha,Mayurbhanj,110,417,135,24,40,148,252,26,39,77,0,6,13,43,32,324,41,7,0,0,246,2,2793
Odisha,Nayagarh,33,69,47,43,51,65,129,1,48,43,5,0,10,9,7,37,7,3,0,0,123,0,1487
Odisha,Nabarangpur,23,219,100,6,12,49,56,0,94,33,0,3,7,5,1,194,27,8,0,0,154,0,1695
Odisha,Nuapada,14,78,57,8,20,56,74,0,31,20,0,3,6,39,5,136,8,3,0,0,0,0,1175
Odisha,Puri,54,204,146,49,102,241,449,0,117,117,0,0,45,447,32,151,32,8,0,0,0,0,4317
Odisha,Rayagada,29,177,86,26,17,84,105,0,49,37,4,0,12,12,0,102,5,2,0,0,160,0,1199
Odisha,Rourkela,55,219,98,57,106,226,488,20,37,84,0,0,3,17,4,174,23,2,0,0,265,1,2670
Odisha,Sambalpur,48,243,98,43,123,297,567,11,74,48,1,3,16,687,10,108,30,8,0,0,341,2,3391
Odisha,Sonepur,16,54,27,16,15,31,75,0,22,19,0,3,2,3,4,46,4,0,0,0,71,0,724
Odisha,SRP (Cuttack),0,0,2,4,19,2,438,0,3,3,0,0,0,1,0,9,2,1,0,0,4,5,546
Odisha,SRP (Rourkela),4,3,5,2,21,30,320,0,0,3,0,0,0,0,0,10,1,0,0,0,1,0,460
Odisha,Sundargarh,51,147,46,21,33,90,158,6,24,46,3,3,6,23,12,94,16,3,0,0,184,11,1655
Odisha,Total,1450,5934,3073,1084,1828,4082,9410,112,1732,2246,36,63,477,5531,441,5543,802,134,0,0,4166,42,74569
Punjab,Amritsar Rural,47,93,98,4,12,119,124,0,0,88,1,12,5,191,6,78,11,1,0,0,46,0,1396
Punjab,Barnala,15,93,41,1,1,48,96,0,0,51,0,0,2,40,0,17,4,0,0,0,59,0,791
Punjab,Batala,22,90,46,5,3,55,86,0,0,104,0,0,0,161,3,36,36,0,0,0,20,0,865
Punjab,Bathinda,55,168,67,5,2,172,260,0,0,151,0,6,8,93,5,77,15,16,0,0,121,0,2117
Punjab,CP Amritsar,29,102,78,14,13,127,324,0,0,307,2,6,2,143,3,45,45,0,0,0,76,0,1998
Punjab,CP Jalandhar,16,147,111,15,10,194,498,0,0,220,2,0,4,48,1,77,23,2,0,0,55,0,2020
Punjab,CP Ludhiana,73,333,246,28,23,259,603,0,0,349,0,3,5,208,5,98,10,2,0,0,0,0,3546
Punjab,Faridkot,23,72,23,5,10,63,70,0,0,42,0,3,3,78,1,16,8,0,0,0,37,0,673
Punjab,Fatehgarh Sahib,16,78,28,2,3,47,89,0,0,120,0,0,0,16,4,22,0,0,0,0,93,0,920
Punjab,Fazilka,24,156,32,2,0,61,80,0,0,88,3,6,1,140,4,18,0,0,0,0,34,1,877
Punjab,Ferozepur,27,165,23,3,0,91,163,0,0,128,0,0,0,216,3,31,8,1,0,0,57,0,1300
Punjab,G. R. P.,11,3,4,17,0,3,94,0,0,3,0,0,0,8,0,3,3,0,0,0,0,0,372
Punjab,Gurdaspur,13,78,31,3,2,41,80,0,0,58,27,3,6,99,2,37,4,2,0,0,36,0,781
Punjab,Hoshiarpur,32,129,63,11,8,149,207,0,0,167,0,0,0,212,7,41,0,0,0,0,81,0,1637
Punjab,Jalandhar Rural,27,93,42,14,17,135,147,0,0,78,0,3,2,44,2,37,9,1,0,0,43,0,1154
Punjab,Kapurthala,21,87,40,7,10,98,132,0,0,103,0,0,2,190,3,33,5,2,0,0,42,0,1105
Punjab,Khanna,20,69,54,6,8,107,261,0,0,83,0,3,4,125,3,34,30,1,0,0,88,0,1132
Punjab,Ludhiana Rural,16,42,56,3,4,102,162,0,0,107,3,0,1,45,3,22,0,0,0,0,56,0,1081
Punjab,Mansa,32,66,15,4,0,51,52,0,0,109,2,0,1,61,5,22,7,1,0,0,41,0,793
Punjab,Moga,25,87,36,7,4,106,147,0,0,88,3,3,5,85,0,39,10,4,0,0,49,0,1172
Punjab,Muktsar,29,87,30,1,0,77,93,0,0,56,0,3,2,42,1,24,5,2,0,0,45,0,781
Punjab,Pathankot,9,33,11,0,1,45,75,0,0,107,0,0,1,19,4,11,2,0,0,0,27,0,582
Punjab,Patiala,45,114,91,12,4,169,294,0,0,346,2,9,2,56,4,66,19,5,0,0,279,0,2774
Punjab,Ropar,22,63,39,3,4,76,114,0,0,119,0,0,3,82,2,52,0,0,0,0,124,0,1122
Punjab,Sangrur,42,171,58,3,3,128,196,0,0,148,0,0,3,231,7,54,17,0,0,0,136,0,1935
Punjab,SAS Nagar,26,177,124,16,6,167,433,0,0,287,0,0,0,146,5,57,57,0,0,0,0,0,2408
Punjab,SBS Nagar,15,60,18,2,7,85,80,0,0,83,0,3,1,44,2,18,4,6,0,0,44,0,659
Punjab,Tarn Taran,35,87,45,7,2,81,107,0,0,122,0,0,0,194,5,48,12,2,0,0,3,0,1171
Punjab,Total,767,2943,1550,200,157,2856,5067,0,0,3712,45,63,63,3017,90,1113,344,48,0,0,1692,1,37162
Rajasthan,Ajmer,45,390,226,10,46,293,1155,64,0,1484,0,6,23,17,10,181,51,3,0,0,873,0,9197
Rajasthan,Alwar,104,897,373,22,70,238,3189,378,5,1449,0,9,13,26,33,256,0,0,0,0,808,0,12742
Rajasthan,Banswara,25,438,152,0,27,79,186,96,42,106,0,0,12,57,6,103,0,0,0,0,263,0,2789
Rajasthan,Baran,34,201,162,5,22,101,449,79,0,345,0,0,16,168,5,212,0,0,0,0,330,0,4515
Rajasthan,Barmer,38,279,57,6,19,200,352,157,3,160,197,9,26,13,26,272,55,1,0,0,245,0,4388
Rajasthan,Bharatpur,99,657,290,19,29,79,1549,0,0,120,740,6,25,2,36,145,4,2,0,0,327,0,10231
Rajasthan,Bhilwara,35,162,122,0,22,203,799,298,7,751,0,3,14,66,8,173,0,0,0,0,508,1,7353
Rajasthan,Bikaner,48,225,81,5,4,138,347,0,0,855,0,6,15,11,15,89,0,0,0,0,0,7,5441
Rajasthan,Bundi,24,240,145,2,15,86,260,139,5,362,0,0,4,175,4,179,0,0,0,0,465,1,3823
Rajasthan,Chittorgarh,33,312,212,10,41,211,539,99,31,140,331,3,12,67,2,145,20,4,0,0,443,0,5435
Rajasthan,Churu,35,216,102,2,11,158,248,171,0,27,579,12,13,35,7,45,0,0,0,0,221,0,3847
Rajasthan,Dausa,40,111,123,6,10,73,1059,1042,11,536,0,6,7,0,5,150,0,0,0,0,502,0,5584
Rajasthan,Dholpur,44,234,90,9,11,59,480,0,0,202,4,6,9,32,21,43,7,1,0,0,205,0,4395
Rajasthan,Dungarpur,31,330,143,0,23,67,132,0,2,119,0,0,11,108,13,154,0,0,0,0,245,0,2678
Rajasthan,G.R.P.Ajmer,5,9,14,0,10,0,1118,1,1,7,0,0,0,1,1,5,1,1,0,0,3,1,1313
Rajasthan,G.R.P.Jodhpur,6,3,2,0,0,0,143,0,0,0,0,3,0,0,0,7,2,0,0,0,0,0,198
Rajasthan,Ganganagar,43,540,149,3,12,180,422,0,0,544,688,6,1,13,17,147,31,3,0,0,139,0,6929
Rajasthan,Hanumangarh,67,405,79,2,12,133,284,0,0,621,196,0,8,66,11,124,0,0,0,0,181,0,5021
Rajasthan,Jaipur,35,219,181,12,118,443,3168,149,61,1146,0,12,12,0,8,165,35,31,0,0,691,0,8759
Rajasthan,Jaipur North,16,126,148,1,37,124,799,47,4,971,1,0,2,2,4,75,0,0,0,0,270,0,4120
Rajasthan,Jaipur Rural,63,240,170,20,37,194,766,527,13,892,86,3,15,6,13,183,58,0,0,0,835,0,6625
Rajasthan,Jaipur South,21,168,134,3,116,273,1735,118,7,1072,0,6,7,1,8,97,10,2,0,0,479,0,5953
Rajasthan,Jaipur West,36,276,190,4,85,389,1369,33,3,1445,0,0,5,3,13,118,7,1,0,0,805,0,7238
Rajasthan,Jaisalmer,12,30,18,6,12,74,166,0,15,21,127,3,13,5,5,94,0,0,0,0,74,0,1478
Rajasthan,Jalore,44,129,78,3,11,129,263,0,8,258,0,6,14,6,9,104,0,0,0,0,153,0,2971
Rajasthan,Jhalawar,49,414,181,6,24,143,473,296,45,223,0,0,29,90,11,296,26,3,0,0,374,0,4666
Rajasthan,Jhunjhunu,38,237,106,6,15,203,494,0,16,662,0,6,9,30,12,53,0,0,0,0,393,0,5277
Rajasthan,Jodhpur East,20,75,45,0,47,130,456,0,3,310,371,0,6,4,2,97,9,1,0,0,189,0,2952
Rajasthan,Jodhpur West,28,138,57,6,17,109,305,0,0,101,176,6,18,15,0,117,0,0,0,0,0,0,3281
Rajasthan,Jodhpur Rural,21,129,63,1,73,167,537,0,0,227,161,6,5,6,6,115,14,14,0,0,128,0,2693
Rajasthan,Karauli,34,147,130,8,16,45,702,321,2,233,0,4,18,0,14,104,0,0,0,0,194,0,4612
Rajasthan,Kota City,19,300,187,6,27,135,890,48,0,917,0,6,1,28,3,102,30,5,0,0,649,2,5248
Rajasthan,Kota Rural,19,180,87,1,13,65,157,85,0,271,0,6,12,111,2,186,0,0,0,0,209,0,2557
Rajasthan,Nagaur,69,306,133,7,14,208,472,0,0,166,520,3,22,9,8,94,0,0,0,0,272,0,5743
Rajasthan,Pali,52,321,161,5,45,272,420,9,0,635,0,0,9,27,21,341,284,5,0,0,56,0,6373
Rajasthan,Praapgarh,39,606,154,2,12,66,133,59,41,212,0,3,22,33,12,305,64,1,0,0,164,0,3124
Rajasthan,Rajsamand,17,144,89,4,24,108,206,104,11,315,39,0,7,32,6,81,3,3,0,0,338,0,2790
Rajasthan,Sawai Madhopur,23,210,114,12,15,47,635,0,0,325,0,3,8,0,0,96,0,0,0,0,253,1,4212
Rajasthan,Sikar,65,237,202,0,17,220,876,0,16,1243,0,3,40,4,14,60,0,0,0,0,570,0,6994
Rajasthan,Sirohi,41,153,66,5,11,56,126,15,8,279,0,6,6,67,4,78,2,0,0,0,222,0,2342
Rajasthan,Tonk,30,156,77,0,7,114,371,162,69,376,0,3,4,96,5,129,0,0,0,0,0,0,4663
Rajasthan,Udaipur,90,687,378,19,124,367,865,241,107,1063,100,9,30,59,8,479,14,7,0,0,1051,1,9868
Rajasthan,Total,1637,11277,5671,238,1301,6379,29095,4738,536,21191,4316,169,523,1491,408,5999,727,88,0,0,14127,14,210418
Sikkim,East,7,48,17,2,12,93,60,1,24,26,7,9,21,31,0,15,4,1,0,0,90,0,589
Sikkim,North,0,6,0,0,0,4,13,0,1,1,0,0,2,2,0,1,1,0,0,0,14,0,52
Sikkim,South,2,45,2,0,1,13,42,0,46,4,0,0,11,17,0,13,6,0,0,0,40,0,290
Sikkim,West,3,42,1,0,0,2,10,0,10,2,0,0,6,8,0,5,3,1,0,0,18,0,127
Sikkim,CID,0,0,0,0,0,0,1,0,0,4,0,0,0,0,0,0,0,0,0,0,0,0,7
Sikkim,Total,12,141,20,2,13,112,126,1,81,37,7,9,40,58,0,34,14,2,0,0,162,0,1065
Tamil Nadu,Ariyalur,19,18,16,0,8,21,64,0,30,22,0,0,12,4,2,23,0,0,0,0,388,0,1615
Tamil Nadu,Chennai,161,195,36,16,72,368,1520,124,118,553,67,222,17,46,10,59,0,0,0,1,8527,0,16861
Tamil Nadu,Coimbatore,43,21,35,10,104,187,361,13,32,113,0,0,9,7,0,21,0,0,0,0,1692,0,4996
Tamil Nadu,Coimbatore City,21,15,14,10,123,166,353,56,25,177,1,6,14,17,0,8,0,0,0,0,1315,0,4281
Tamil Nadu,Cuddalore,50,42,83,1,16,183,476,29,250,45,3,0,35,20,5,3,0,0,0,0,3148,0,9442
Tamil Nadu,Dharmapuri,43,33,139,10,31,104,282,0,116,51,0,30,25,35,2,26,0,0,0,0,1252,0,4354
Tamil Nadu,Dindigul,61,45,113,10,67,100,210,0,77,226,0,3,12,7,4,29,0,0,0,0,1363,0,6250
Tamil Nadu,Erode,53,0,30,0,44,113,298,0,27,89,0,6,10,26,0,19,0,0,0,0,1434,0,4370
Tamil Nadu,Kanchipuram,66,48,14,8,24,219,466,0,119,128,0,9,10,29,2,8,0,0,0,0,2460,0,8066
Tamil Nadu,Kanyakumari,41,21,17,8,75,195,266,0,0,144,0,15,40,8,2,3,0,0,0,0,886,0,4041
Tamil Nadu,Karur,20,3,15,0,16,64,135,0,43,35,0,0,4,3,1,20,0,0,0,0,717,0,2241
Tamil Nadu,Krishnagiri,59,39,73,21,53,174,301,0,141,74,0,3,13,28,4,34,0,0,0,0,1332,0,5095
Tamil Nadu,Madurai,67,111,200,35,163,324,508,0,210,662,0,2,31,251,5,79,15,0,0,0,1579,0,8212
Tamil Nadu,Madurai City,33,18,27,8,118,123,576,0,23,247,0,81,7,4,1,22,22,0,0,0,585,0,3226
Tamil Nadu,Nagapattinam,36,48,40,0,48,87,166,0,73,11,0,0,19,7,0,14,0,0,0,0,1096,0,4386
Tamil Nadu,Namakkal,35,0,27,1,31,65,130,0,44,40,3,0,10,20,0,48,0,0,0,0,1691,0,4003
Tamil Nadu,Nilgiris,7,18,5,0,3,38,44,0,11,11,0,0,7,16,0,12,0,0,0,0,231,0,1199
Tamil Nadu,Perambalur,15,21,4,2,14,22,62,0,22,12,0,0,1,9,1,26,0,0,0,0,332,0,1770
Tamil Nadu,Pudukottai,34,9,54,0,18,42,113,6,38,28,3,3,21,31,2,29,0,0,0,0,915,0,3720
Tamil Nadu,Ramnathapuram,45,24,37,11,25,129,141,0,65,78,1,3,27,15,3,12,3,0,0,0,640,0,3819
Tamil Nadu,Railway Chennai,3,3,0,1,20,4,343,0,11,3,0,3,0,2,0,4,0,0,0,0,1,0,637
Tamil Nadu,Railway Trichy,0,0,0,0,15,5,111,0,5,0,0,0,0,0,0,0,0,0,0,0,7,0,229
Tamil Nadu,Salem,58,18,48,3,24,78,142,0,91,67,0,6,30,15,7,46,0,0,0,0,1568,0,4696
Tamil Nadu,Salem City,36,15,23,4,59,76,261,0,44,41,2,0,2,573,1,12,0,0,0,0,809,0,4504
Tamil Nadu,Sivagangai,29,45,46,12,86,153,182,43,71,129,0,3,13,41,3,13,0,0,0,0,624,0,3738
Tamil Nadu,Thanjavur,70,24,56,18,68,157,296,0,158,60,0,0,39,59,0,62,0,0,0,0,1711,0,6225
Tamil Nadu,Theni,47,24,45,4,38,103,207,0,75,133,0,0,10,13,6,30,0,0,0,0,971,0,4554
Tamil Nadu,Thirunelveli,108,108,47,4,107,253,289,0,0,276,2,15,75,29,5,47,0,0,0,0,1523,0,8490
Tamil Nadu,Thirunelveli City,18,18,7,0,73,59,206,0,0,63,0,0,3,1,0,3,0,0,0,0,301,0,1623
Tamil Nadu,Thiruvallur,37,24,9,15,25,127,169,0,144,74,0,3,9,17,4,2,0,0,0,0,1001,0,4037
Tamil Nadu,Thiruvannamalai,47,48,65,9,7,137,278,1,115,64,7,0,15,30,6,14,0,0,0,0,1125,0,4411
Tamil Nadu,Thiruvarur,26,6,27,12,36,104,176,0,34,34,0,0,26,9,1,2,0,0,0,0,823,0,4041
Tamil Nadu,Thoothugudi,89,48,15,10,65,208,352,0,0,100,79,3,35,36,0,44,2,0,0,0,986,0,5344
Tamil Nadu,Tiruppur,36,18,60,6,61,169,220,0,33,80,0,6,7,8,3,15,0,0,0,0,1522,0,4049
Tamil Nadu,Tiruppur City,20,15,24,0,55,110,338,6,22,106,0,6,3,6,0,7,0,0,0,0,562,0,2490
Tamil Nadu,Trichy,39,24,30,2,34,55,140,0,66,57,0,3,0,3,2,51,0,0,0,0,1198,0,4688
Tamil Nadu,Trichy City,24,9,7,0,24,41,307,0,10,102,0,6,0,13,0,10,4,1,0,0,541,0,3074
Tamil Nadu,Vellore,92,36,97,14,31,317,750,0,11,85,0,18,20,0,3,44,0,0,0,0,2516,0,10492
Tamil Nadu,Villupuram,68,114,138,7,30,220,466,36,355,147,0,18,51,75,7,176,0,0,0,0,2506,0,9643
Tamil Nadu,Virudhunagar,49,39,23,4,58,166,264,0,75,167,0,6,13,6,3,25,0,0,0,0,966,0,4285
Tamil Nadu,Cyber Cell,0,0,0,0,0,0,0,0,0,2,0,3,0,0,0,0,0,0,0,0,0,0,3
Tamil Nadu,Other Units,0,0,0,0,0,0,0,0,0,0,0,0,0,0,0,0,0,0,0,0,0,0,0
Tamil Nadu,Total,1805,1365,1746,276,1969,5266,11969,314,2784,4536,168,482,675,1519,95,1102,46,1,0,1,52844,0,193200
Telangana,Adilabad,101,126,46,2,7,292,505,0,38,223,0,9,37,61,16,244,52,36,0,0,1042,0,6036
Telangana,Cyberabad,144,417,165,31,62,1122,4182,1,51,2347,132,27,57,182,48,376,55,137,0,0,2331,55,19311
Telangana,Hyderabad City,118,378,374,18,58,754,4266,4,57,2557,43,111,20,119,22,393,115,35,0,0,2254,5,18940
Telangana,Karimnagar,109,198,106,10,36,377,735,0,87,813,0,18,38,187,34,373,5,2,0,0,955,0,9382
Telangana,Khammam,76,306,73,2,15,432,746,0,94,845,0,3,16,50,18,351,142,1,0,0,3347,0,11022
Telangana,Mahaboob Nagar,240,507,63,12,23,369,1112,0,105,252,0,9,65,58,30,242,53,17,0,0,855,0,7533
Telangana,Medak,130,180,59,10,20,384,787,0,39,312,0,6,45,49,34,211,27,26,0,0,1005,0,6931
Telangana,Nalgonda,114,378,95,12,30,383,722,12,129,342,0,6,67,152,23,447,72,105,0,0,1303,0,9254
Telangana,Nizamabad,122,108,57,10,21,416,712,8,46,306,15,6,65,64,25,163,20,10,0,0,969,0,7053
Telangana,Ranga Reddy,77,153,35,2,12,106,183,0,2,81,1,0,36,28,10,83,9,14,0,0,232,0,2309
Telangana,Secunderabad Railway,4,6,1,0,3,1,760,0,0,4,0,6,0,0,0,5,5,0,0,0,0,0,860
Telangana,Warangal,47,123,45,8,15,172,302,0,83,178,0,3,22,63,17,186,31,30,0,0,488,0,4407
Telangana,Warangal Urban,26,57,33,2,6,141,330,0,35,259,0,0,14,44,12,114,34,13,0,0,172,0,3792
Telangana,Total,1308,2937,1152,119,308,4949,15342,25,766,8519,191,204,482,1057,289,3188,620,426,0,0,14953,60,106830
Tripura,Dhalai,20,102,13,0,2,12,11,1,4,6,2,3,4,46,1,49,17,1,0,0,29,0,363
Tripura,Gomati,15,96,23,0,4,23,53,0,11,23,0,6,12,174,9,51,4,0,0,0,91,0,825
Tripura,G. R. P.,0,0,0,0,0,0,2,0,0,0,0,0,0,4,0,2,0,1,0,0,1,0,9
Tripura,Kowai,10,45,5,0,0,18,30,0,4,6,2,0,1,83,8,36,2,0,0,0,39,0,338
Tripura,North,10,78,15,3,6,11,33,0,6,14,1,9,5,135,6,41,0,0,0,0,32,0,510
Tripura,Sipahijala,19,57,15,0,3,28,45,0,16,18,1,0,12,148,1,76,0,0,0,0,91,0,725
Tripura,South,17,60,11,0,5,22,22,0,13,14,0,3,4,178,4,47,2,0,0,0,59,0,678
Tripura,Unakoti,8,72,11,0,4,9,22,0,19,9,0,6,3,127,1,29,20,0,0,0,31,0,401
Tripura,West,41,207,33,2,19,96,151,0,19,55,19,0,18,337,3,161,37,6,0,0,175,0,1650
Tripura,Total,140,717,126,5,43,219,369,1,92,145,25,27,59,1232,33,492,82,8,0,0,548,0,5499
Uttar Pradesh,Agra,178,231,463,27,218,326,3512,0,413,382,22,18,10,317,87,281,237,22,0,0,537,0,9518
Uttar Pradesh,Aligarh,179,336,471,36,242,302,2297,0,436,354,0,6,25,285,69,307,105,0,0,0,459,0,8793
Uttar Pradesh,Allahabad,132,327,330,18,125,381,2245,0,129,511,0,18,1,353,53,309,206,56,0,0,651,0,9909
Uttar Pradesh,Ambedkar Nagar,24,60,59,2,13,22,86,0,37,43,0,0,0,126,11,16,16,0,0,0,122,0,1323
Uttar Pradesh,Amethi,36,81,115,0,20,51,113,0,43,41,0,3,0,192,15,78,0,0,0,0,93,0,1522
Uttar Pradesh,Amroha,60,105,120,10,44,50,399,0,44,140,0,3,0,119,23,81,27,23,0,0,189,0,2826
Uttar Pradesh,Auraiya,34,63,99,6,14,26,165,0,20,78,0,0,1,7,34,73,56,6,0,0,176,0,1789
Uttar Pradesh,Azamgarh,68,126,183,3,73,143,387,0,203,134,0,3,0,313,34,102,52,28,0,0,218,0,2881
Uttar Pradesh,Badaun,120,213,164,6,53,50,331,0,9,68,0,3,2,323,56,148,141,4,0,0,221,0,2919
Uttar Pradesh,Baghpat,83,105,121,9,45,34,332,0,56,61,0,6,0,9,14,96,35,20,0,0,110,0,1844
Uttar Pradesh,Bahraich,53,204,202,0,14,84,258,0,73,93,0,3,3,169,51,45,0,0,0,0,122,0,2249
Uttar Pradesh,Ballia,36,63,116,0,28,80,287,0,113,83,0,3,1,188,24,71,65,2,0,0,84,1,1674
Uttar Pradesh,Balrampur,28,57,67,2,4,24,68,0,22,27,0,0,0,45,13,28,16,1,0,0,18,0,549
Uttar Pradesh,Banda,42,213,151,0,25,86,240,0,86,65,0,3,1,40,39,185,32,11,0,0,219,0,1948
Uttar Pradesh,Barabanki,57,105,65,5,17,29,113,0,3,148,0,3,0,306,25,51,24,1,0,0,199,0,2471
Uttar Pradesh,Bareilly,132,228,337,10,80,151,886,0,153,462,0,15,4,181,74,252,251,1,0,0,312,0,6589
Uttar Pradesh,Basti,31,45,53,4,11,24,85,0,20,19,0,0,10,86,15,27,19,3,0,0,56,0,752
Uttar Pradesh,Bijnor,84,240,184,8,59,94,434,0,77,203,0,6,6,16,26,175,114,25,0,0,86,0,3475
Uttar Pradesh,Bulandshahar,171,246,291,27,122,119,841,0,158,17,165,3,7,17,55,239,57,20,0,0,309,0,4775
Uttar Pradesh,Chandoli,20,78,78,1,27,52,156,0,39,152,0,3,4,207,20,92,60,6,0,0,67,0,1366
Uttar Pradesh,Chitrakoot,33,69,46,6,6,62,81,0,12,40,0,3,3,16,23,56,33,2,0,0,112,0,988
Uttar Pradesh,Deoria,42,105,137,0,13,55,182,0,81,35,7,12,5,209,31,68,2,4,0,0,170,0,1645
Uttar Pradesh,Etah,65,162,172,12,63,66,399,0,110,26,74,6,1,322,42,114,18,7,0,0,273,1,2783
Uttar Pradesh,Etawah,55,90,136,15,113,65,506,0,26,119,0,6,9,100,31,80,55,3,0,0,326,0,2721
Uttar Pradesh,Faizabad,32,111,120,1,25,79,295,0,28,138,0,0,0,208,13,91,38,7,0,0,222,0,2426
Uttar Pradesh,Fatehgarh,58,57,148,8,21,47,230,0,34,43,0,0,0,7,39,38,29,8,0,0,202,0,2151
Uttar Pradesh,Fatehpur,55,174,131,7,21,74,217,0,42,93,85,0,5,273,43,101,71,4,0,0,248,0,2559
Uttar Pradesh,Firozabad,140,183,284,16,92,112,687,0,201,175,0,0,19,347,55,131,17,5,0,0,352,0,4222
Uttar Pradesh,G. R. P.,30,15,39,35,27,1,4061,0,17,26,0,6,0,12,1,64,15,45,0,0,0,0,5158
Uttar Pradesh,Gautambudh Nagar,104,162,210,16,227,202,3680,0,191,382,0,8,0,17,35,161,121,24,0,0,621,0,8521
Uttar Pradesh,Ghaziabad,166,354,482,23,114,210,3392,1,70,493,0,3,2,19,38,283,164,59,0,0,526,1,10088
Uttar Pradesh,Ghazipur,64,72,128,15,32,81,260,0,113,93,0,3,1,273,31,69,20,6,0,0,75,0,1945
Uttar Pradesh,Gonda,45,111,139,1,18,75,180,0,48,135,0,0,2,237,28,56,17,2,0,0,115,0,2021
Uttar Pradesh,Gorakhpur,113,276,299,8,89,230,804,0,193,266,0,9,0,363,58,132,78,40,0,0,408,0,4537
Uttar Pradesh,Hamirpur,31,87,68,4,18,29,83,0,34,31,0,0,8,52,26,97,75,3,0,0,118,0,981
Uttar Pradesh,Hapur,42,138,82,8,35,31,493,0,40,88,0,0,4,11,16,62,21,3,0,0,140,0,1841
Uttar Pradesh,Hardoi,79,117,177,5,13,47,275,0,36,95,0,3,1,418,40,93,2,1,0,0,284,0,2981
Uttar Pradesh,Hathras,72,180,146,18,56,70,339,2,112,89,0,0,5,101,24,121,52,8,0,0,183,0,2280
Uttar Pradesh,Jalaun,36,36,64,2,12,40,117,0,11,42,0,0,0,11,30,44,15,1,0,0,109,1,856
Uttar Pradesh,Jaunpur,55,150,133,14,58,96,297,0,107,70,0,0,0,416,47,62,21,6,0,0,136,0,2352
Uttar Pradesh,Jhansi,68,84,112,11,22,44,316,0,65,17,68,0,5,20,33,85,29,16,0,0,214,0,1985
Uttar Pradesh,Kannauj,39,66,100,3,8,24,147,0,10,74,0,0,5,2,31,98,6,6,0,0,229,0,2103
Uttar Pradesh,Kanpur Dehat,46,60,157,2,24,22,121,0,40,68,0,0,12,140,35,95,0,0,0,0,261,0,2111
Uttar Pradesh,Kanpur Nagar,137,234,442,8,139,250,1536,0,233,546,0,18,3,238,73,261,122,73,0,0,752,0,8641
Uttar Pradesh,Kasganj,20,57,102,0,7,33,192,0,41,0,44,0,0,154,29,58,33,10,0,0,103,0,1232
Uttar Pradesh,Kaushambi,40,42,92,0,13,56,154,0,23,74,0,0,5,123,27,120,113,1,0,0,149,0,1945
Uttar Pradesh,Khiri,79,147,214,10,33,67,611,16,68,118,0,0,4,281,51,107,0,0,0,0,183,0,3465
Uttar Pradesh,Kushi Nagar,36,66,141,0,7,40,136,0,119,63,0,3,6,261,31,53,48,0,0,0,178,0,1757
Uttar Pradesh,Lalitpur,27,75,34,0,15,12,59,0,26,42,0,6,0,10,12,38,26,3,0,0,79,0,962
Uttar Pradesh,Lucknow,132,204,377,14,60,623,3192,29,174,923,44,21,14,34,52,392,277,73,0,0,780,0,15107
Uttar Pradesh,Maharajganj,33,96,103,3,14,27,61,0,41,52,0,3,9,150,26,29,12,2,0,0,76,0,1162
Uttar Pradesh,Mahoba,27,66,58,2,18,34,57,0,26,30,0,0,0,3,14,62,26,1,0,0,78,0,814
Uttar Pradesh,Mainpuri,57,69,142,8,34,57,476,0,85,75,0,6,0,171,37,69,0,0,0,0,296,0,2469
Uttar Pradesh,Mathura,86,219,191,20,89,110,1159,0,190,267,0,21,4,245,48,114,14,6,0,0,390,0,4779
Uttar Pradesh,Mau,28,75,88,1,23,67,226,0,93,101,0,9,8,227,16,51,11,4,0,0,86,0,1476
Uttar Pradesh,Meerut,226,279,438,38,341,279,3550,0,294,431,0,18,0,24,53,412,179,56,0,0,700,0,10073
Uttar Pradesh,Mirzapur,25,57,12,0,5,19,45,0,1,0,43,6,4,89,26,10,10,0,0,0,67,0,780
Uttar Pradesh,Moradabad,90,267,190,27,66,120,788,0,78,221,0,3,0,51,36,189,104,26,0,0,193,0,4026
Uttar Pradesh,Muzaffarnagar,137,111,242,10,95,36,800,0,136,145,0,3,8,13,17,148,51,14,0,0,227,0,3952
Uttar Pradesh,Pilibhit,54,207,128,8,29,52,200,0,13,123,0,3,0,2,25,107,15,2,0,0,235,0,2916
Uttar Pradesh,Pratapgarh,72,204,248,12,53,159,431,0,200,185,0,6,11,306,21,165,125,8,0,0,172,0,4128
Uttar Pradesh,Raibareilly,50,144,113,6,15,82,195,0,60,67,0,0,1,144,27,69,0,2,0,0,103,0,2053
Uttar Pradesh,Rampur,54,102,100,14,25,53,344,0,34,122,0,6,0,0,18,54,54,0,0,0,215,0,1950
Uttar Pradesh,Saharanpur,92,219,273,17,110,106,793,2,205,214,0,9,0,20,28,167,64,25,0,0,161,0,4184
Uttar Pradesh,Sambhal,73,144,146,18,45,56,293,0,68,87,0,0,0,29,26,72,64,3,0,0,95,0,2087
Uttar Pradesh,Sant Kabirnagar,28,69,39,2,10,23,59,0,22,30,0,0,0,146,11,25,22,0,0,0,61,0,727
Uttar Pradesh,Shahjahanpur,88,249,210,8,62,59,281,0,42,118,0,6,4,282,61,181,176,0,0,0,245,0,3106
Uttar Pradesh,Shamli,67,96,100,10,54,49,329,0,103,73,0,0,0,43,18,58,43,7,0,0,58,0,1674
Uttar Pradesh,Shrawasti,15,15,40,0,5,35,49,0,16,65,0,0,0,165,9,31,6,0,0,0,28,0,801
Uttar Pradesh,Sidharthnagar,17,60,58,4,16,48,62,0,25,15,0,6,0,1,20,27,24,2,0,0,34,0,773
Uttar Pradesh,Sitapur,91,222,216,5,40,84,384,0,65,78,0,3,3,125,46,163,155,0,0,0,162,0,3923
Uttar Pradesh,Sonbhadra,32,78,20,0,2,28,77,0,3,8,17,3,1,152,6,24,21,1,0,0,56,0,753
Uttar Pradesh,St.Ravidasnagar,17,57,34,0,8,40,73,0,1,28,0,0,0,55,23,12,11,0,0,0,44,0,574
Uttar Pradesh,Sultanpur,53,138,157,8,56,119,331,0,73,88,0,0,2,206,21,67,58,3,0,0,160,0,2421
Uttar Pradesh,Unnao,77,207,268,5,44,82,334,0,46,135,0,0,0,35,31,237,35,0,0,0,277,0,3438
Uttar Pradesh,Varanasi,52,141,166,1,46,126,706,2,79,393,0,15,1,209,42,176,124,24,0,0,184,0,3900
Uttar Pradesh,Total,5150,10401,12361,663,3920,6921,48380,52,6438,10636,569,332,250,10867,2469,8605,4435,835,0,0,16199,4,240475
Uttarakhand,Almora,4,18,40,0,1,7,8,0,3,4,0,0,1,1,1,4,0,0,0,0,9,0,139
Uttarakhand,Bageshwar,5,9,0,0,0,5,6,0,0,3,0,0,0,1,0,4,0,0,0,0,3,1,77
Uttarakhand,Chamoli,3,12,7,0,1,7,8,0,3,3,0,0,0,2,1,9,0,0,0,0,0,0,126
Uttarakhand,Champawat,2,24,0,0,0,1,6,0,4,5,0,0,0,2,0,5,0,0,0,0,0,0,96
Uttarakhand,Dehradun,26,165,69,7,39,104,439,0,99,127,92,18,2,34,10,80,15,3,0,0,173,1,2178
Uttarakhand,Haridwar,73,219,241,22,70,66,562,0,160,174,0,6,0,43,0,99,0,0,0,0,139,1,2505
Uttarakhand,Nainital,28,108,160,2,5,35,157,0,47,36,9,3,2,20,5,38,7,4,0,0,133,0,1095
Uttarakhand,Pauri Garhwal,6,24,62,0,3,10,37,0,11,14,0,3,0,7,7,12,0,0,0,0,11,1,278
Uttarakhand,Pithoragarh,4,24,11,0,2,8,10,0,12,2,1,3,0,2,3,9,0,0,0,0,5,0,117
Uttarakhand,Rudra Prayag,4,12,7,0,1,14,10,0,5,3,0,0,0,3,1,9,0,0,0,0,5,0,97
Uttarakhand,Tehri Garhwal,6,21,13,0,1,4,19,0,5,9,0,0,3,9,0,0,0,0,0,0,0,0,122
Uttarakhand,Udhamsingh Nagar,55,147,66,8,31,53,468,0,109,6,98,0,0,56,10,67,0,0,0,0,0,0,2234
Uttarakhand,Uttarkashi,2,27,15,0,1,9,7,0,8,4,0,0,0,1,0,7,0,0,0,0,7,0,92
Uttarakhand,Total,218,810,691,39,155,323,1737,0,466,390,200,33,8,181,38,343,22,7,0,0,485,4,9156
West Bengal,North 24 Parganas,141,681,728,40,42,3,1354,0,330,323,4,72,44,1901,66,319,0,0,0,0,441,0,14867
West Bengal,South 24 Parganas,248,1023,749,189,43,135,1523,26,2164,542,21,30,30,795,53,313,110,64,0,0,739,0,21049
West Bengal,Alipurduar,49,354,176,10,2,5,654,10,10,85,0,6,4,19,2,83,18,7,0,131,0,0,3355
West Bengal,Asansol-Durgapur PC,52,174,134,40,12,10,642,0,185,153,76,6,10,2,28,160,32,8,0,0,227,0,4738
West Bengal,Bankura,75,237,71,18,32,11,241,0,162,74,12,3,22,50,18,121,18,1,0,0,173,0,3049
West Bengal,Barrackpur PC,86,231,354,176,13,0,1220,0,73,506,20,51,1,940,21,201,58,5,0,0,498,1,8087
West Bengal,Bidhannagar PC,18,72,102,56,8,7,568,0,63,228,138,12,2,111,6,97,49,5,0,0,168,0,3014
West Bengal,Birbhum,110,246,125,79,43,13,385,173,235,137,3,18,14,665,8,99,22,1,0,0,169,1,3749
West Bengal,Burdwan,133,363,241,74,28,5,732,0,269,392,0,15,40,223,12,273,75,0,0,0,297,0,7694
West Bengal,Coochbehar,80,423,416,1,8,6,387,145,59,110,26,9,57,802,21,151,15,2,0,0,155,1,5142
West Bengal,Dakshin Dinajpur,44,192,206,14,4,2,200,15,10,51,7,12,8,396,13,51,2,0,0,0,157,1,2372
West Bengal,Darjeeling,29,180,65,2,9,3,368,7,7,47,11,3,17,402,0,95,5,3,0,0,198,4,2418
West Bengal,Hooghly,125,330,355,147,20,12,1076,0,376,592,20,84,66,75,34,226,38,4,0,0,431,0,8858
West Bengal,Howrah G. R. P.,82,231,181,43,9,22,284,114,127,143,11,6,26,835,5,181,48,5,0,0,269,12,5259
West Bengal,Howrah PC,43,129,202,65,29,9,1126,7,32,375,17,45,15,330,4,318,124,17,0,0,401,0,6273
West Bengal,Howrah Rural,11,9,5,42,2,0,288,4,1,10,1,9,0,0,1,13,0,1,0,0,1,0,445
West Bengal,Jalpaiguri,57,387,218,4,9,6,764,0,11,30,18,18,5,42,16,199,71,0,0,0,198,0,3832
West Bengal,Jhargram Police District,28,87,25,5,4,9,113,3,26,15,0,0,4,39,3,70,8,1,0,0,44,0,803
West Bengal,Kharagpur G. R. P.,7,0,3,0,2,0,155,1,2,3,0,0,0,1,0,6,0,1,0,0,5,1,213
West Bengal,Kolkata,83,462,423,27,33,66,4623,114,316,2027,0,72,0,917,12,585,134,119,3,0,4358,15,26668
West Bengal,Malda,102,756,340,59,26,7,429,64,46,114,0,246,41,1313,31,331,21,0,0,0,188,4,6432
West Bengal,Murshidabad,158,1422,596,82,19,3,947,4,84,182,52,177,31,3813,36,526,69,4,0,0,459,6,14762
West Bengal,Nadia,166,612,463,69,41,1,1017,0,133,380,7,102,13,1106,50,192,0,0,1,0,416,0,11790
West Bengal,Paschim Medinipur,104,273,208,28,47,6,745,87,243,111,26,3,14,89,21,558,0,0,0,0,377,0,5791
West Bengal,Purab Medinipur,100,336,317,44,25,7,544,6,434,119,40,18,30,15,27,159,36,5,1,0,440,7,6778
West Bengal,Purulia,72,216,54,26,17,4,190,0,71,30,9,3,9,238,4,142,0,0,0,0,63,0,1800
West Bengal,Sealdah G. R. P.,23,21,20,43,0,0,346,47,5,10,0,0,0,59,1,46,0,0,0,0,0,0,655
West Bengal,Siliguri G. R. P.,8,3,4,2,1,0,148,0,0,0,0,3,0,0,0,9,2,3,0,0,0,0,220
West Bengal,Siliguri PC,46,216,154,0,15,3,1125,34,6,289,45,24,4,265,2,165,115,0,0,0,317,0,4623
West Bengal,Uttar Dinajpur,90,561,350,33,63,4,721,72,29,161,6,30,47,2793,9,157,7,6,0,0,491,8,8312
West Bengal,Total,2370,10227,7285,1418,606,359,22915,933,5509,7239,570,1077,554,18236,504,5846,1077,262,5,131,11680,61,193048
A&N Islands,South Andaman,5,57,14,0,2,53,35,1,10,66,3,3,3,20,3,27,8,4,0,0,152,0,556
A&N Islands,North & Middle Andaman,2,33,8,0,0,8,10,0,0,5,0,0,1,9,0,14,10,0,0,0,39,0,159
A&N Islands,Nicobar,1,6,0,0,0,3,0,0,0,0,1,0,1,0,0,0,0,0,0,0,7,0,31
A&N Islands,Total,8,96,22,0,2,64,45,1,10,71,4,3,5,29,3,41,18,4,0,0,198,0,746
Chandigarh,Chandigarh,24,177,187,14,65,134,1260,0,33,247,4,0,13,19,2,87,31,10,0,0,277,0,3221
Chandigarh,Total,24,177,187,14,65,134,1260,0,33,247,4,0,13,19,2,87,31,10,0,0,277,0,3221
D&N Haveli,D&N Haveli,4,15,14,0,2,15,38,0,6,22,0,3,5,13,0,2,0,0,0,0,34,0,277
D&N Haveli,Total,4,15,14,0,2,15,38,0,6,22,0,3,5,13,0,2,0,0,0,0,34,0,277
Daman & Diu,Daman,6,6,10,0,5,21,29,0,4,36,3,0,0,13,0,2,2,0,0,0,15,0,198
Daman & Diu,Diu,1,0,0,0,0,0,2,0,0,2,1,0,0,2,0,1,1,0,0,0,10,0,35
Daman & Diu,Total,7,6,10,0,5,21,31,0,4,38,4,0,0,15,0,3,3,0,0,0,25,0,233
Delhi UT,Central,30,273,305,8,288,576,4124,0,6,287,14,3,0,40,7,212,54,26,0,0,416,0,8932
Delhi UT,Crime Branch,0,3,1,0,0,0,0,0,0,35,0,12,0,0,0,1,0,1,0,0,0,0,52
Delhi UT,East,61,690,678,4,789,999,9437,0,24,528,12,2,19,37,15,446,171,91,0,0,846,0,18642
Delhi UT,EOW,0,0,0,0,0,0,0,0,0,45,33,0,0,0,0,2,0,2,0,0,0,0,85
Delhi UT,IGI Airport,1,0,3,0,3,1,157,0,0,14,169,0,0,1,0,12,3,2,0,0,27,0,453
Delhi UT,Metro,0,3,10,0,4,2,2198,0,1,17,0,0,1,2,0,28,5,2,0,0,1,0,2309
Delhi UT,New Delhi,6,60,44,0,63,53,1252,0,22,109,91,156,8,4,2,56,25,14,0,0,392,0,2421
Delhi UT,North,31,180,279,19,353,653,4309,0,14,317,0,6,11,28,6,180,42,16,0,0,514,0,8201
Delhi UT,North-East,84,711,1047,28,1286,1049,8185,0,25,353,0,0,19,71,27,492,171,47,0,0,656,0,16904
Delhi UT,North-West,48,495,663,29,734,935,7341,0,8,389,5,6,10,93,14,404,109,61,0,0,631,0,13251
Delhi UT,Outer,87,777,1198,22,1009,1842,10031,0,13,431,6,3,31,75,22,428,133,52,0,0,967,1,20320
Delhi UT,RAILWAY,10,3,38,2,62,0,1455,0,3,6,0,0,0,6,0,19,15,2,0,0,5,0,1816
Delhi UT,South,40,840,627,4,496,1249,8670,0,16,563,7,9,32,82,6,595,150,0,0,1,1215,1,17371
Delhi UT,South-East,67,798,683,22,394,1065,7557,0,20,430,7,3,20,109,24,469,85,74,0,0,1124,0,14914
Delhi UT,South-West,66,702,719,20,403,913,4632,0,5,519,9,3,21,66,17,494,86,99,0,0,982,1,11320
Delhi UT,Spl Cell,0,0,0,0,0,0,1,0,0,3,0,15,0,0,0,0,0,0,0,0,0,0,14
Delhi UT,SPUWAC,0,0,0,0,0,0,0,0,0,0,0,0,0,0,0,0,0,0,0,0,0,0,161
Delhi UT,Vigilance,0,0,0,0,0,0,0,0,0,0,0,0,0,0,0,0,0,0,0,0,0,0,0
Delhi UT,West,55,753,848,11,580,972,9404,0,3,555,6,3,18,76,13,484,137,52,0,0,984,10,18488
Delhi UT,Total,586,6288,7143,169,6464,10309,78753,0,160,4601,359,221,190,690,153,4322,1186,541,0,1,8760,13,155654
Lakshadweep,Lakshadweep,0,3,0,0,0,10,15,2,9,0,2,0,5,1,0,1,0,0,0,0,1,0,81
Lakshadweep,Total,0,3,0,0,0,10,15,2,9,0,2,0,5,1,0,1,0,0,0,0,1,0,81
Puducherry,Karaikal,6,9,1,3,1,18,33,1,5,4,5,0,0,8,0,12,4,0,0,1,199,0,671
Puducherry,Puducherry,19,21,12,8,5,43,391,17,34,55,8,0,1,97,1,20,8,1,0,0,974,0,2913
Puducherry,Total,25,30,13,11,6,61,424,18,39,59,13,0,1,105,1,32,12,1,0,1,1173,0,3584
